1,Okra
2,Manioc Hibiscus
3,Ambrette
4,Silver-Fir
5,Balsam Fir
6,Japanese Fir
6,Shin-Yo-Yu
7,Crab's Eye
7,Jequerity
8,Black Cutch
8,Catechu
9,Green Wattle
10,Cassie
10,Huisache
11,Pilang Bast
12,Blackwood
13,Babul
14,Gum Arabic
15,Umbrella Thorn
16,Cancer Herb
16,Indian Acalypha
17,Wu Chia Pi
18,Yarrow
19,Iva
20,Chaff Flower
21,Chaff Flower
22,Arrow-Poison Tree
23,Aconite
23,Fu-Tsu
24,European Aconite
24,Monkshood
25,Sweetflag
26,American Baneberry
27,Red Baneberry
28,European Baneberry
29,Kiwi
30,Cat Powder
30,Silver Vine
31,Maidenhair Fern
32,American Maidenhair
33,Spring Adonis
34,Horse Chestnut
35,Fool's Parsley
36,Nettle-Leaf Giant Hyssop
37,Buchu
38,Century Plant
38,Maguey
39,Mescal
40,Agrimony
41,Corn Cockle
42,Stinktree
42,Tree Of Heaven
43,Bugle
44,Chocolate Vine
45,Mimosa
46,Niando
47,Colic Root
47,Star Grass
47,Unicorn Root
48,Tungoil Tree
49,Candlenut
50,Mud Plantain
50,Tse-Hsieh
50,Water Plantain
50,Ze-Xie
51,Garlic Mustard
52,Elephant Garlic
52,Kurrat
53,Onion
54,Garlic
55,Chives
56,Black Alder
57,Giant Taro
58,Bitter Aloes
59,Lemon Verbena
60,Greater Galangal
61,Lesser Galangal
62,Marshmallow
63,Pigweed
64,Bishop's Weed
65,Visnaga
66,Bastard Cardamom
66,Chin Kousha
66,Malabar Cardamom
66,Tavoy Cardamom
67,Elephant-Foot Yam
68,Devil's Tongue
68,Konjac
68,Leopard Palm
68,Umbrella Arum
69,Anabasis
70,Cashew
71,Cohoba
71,Niopo
72,Cohoba
72,Niopo
73,Levant Berry
74,Pineapple
75,Pearly Everlasting
76,Jericho Rose
77,Araroba
78,Cabbage Bark
79,Creat
80,Chih-Mu
80,Zhi-Mu
81,French Anemone
82,Pasque Flower
83,Dill
84,Garden Angelica
85,Bai Zhi
86,Tu Huo
87,Dang Gui
87,Dong Quai
88,Bois-De-Rose
88,Cayenne Rosewood
89,Zang Qie
90,Cherimoya
91,Soursop
92,Custard Apple
93,Sugar-Apple
93,Sweetsop
94,Gum Ghatti
95,Chervil
96,Celery
97,Bitterroot
97,Spreading Dogbane
98,Bitterroot
98,Spreading Dogbane
99,Lignum Aloe
100,Columbine
101,Groundnut
101,Peanut
102,Udo
103,Arbutus
103,Strawberry Tree
104,Gobo
104,Great Burdock
105,Bearberry
105,Uva Ursi
106,Marlberry
107,Betel Nut
107,Pin-Lang
108,Prickly Poppy
109,Silver Morning Glory
109,Wood Rose
110,Elephant Creeper
111,Chinese Jack-In-The-Pulpit
112,Jack-In-The-Pulpit
113,Chinese Birthwort
114,Serpentaria
114,Virginia Snakeroot
115,Horseradish
116,Leopard's-Bane
116,Mountain Tobacco
117,Arracacha
117,Peruvian Carrot
118,Southernwood
119,Wormwood
120,Qinghao
120,Sweet Annie
121,Capillary Wormwood
122,Levant Wormseed
123,Tarragon
124,Desert Wormwood
125,Sea Wormwood
126,Davana
127,Mugwort
128,Breadfruit
129,Jackfruit
130,Giant Reed
131,Wild Ginger
132,Milkweed
133,Asian Wild Ginger
134,Siebold's Wild Ginger
135,Pawpaw
136,Lucid Asparagus
137,Asparagus
138,Quebracho
139,Gum Tragacanth
139,Tragacanth
140,Huang-Chi
141,Cang Zhu
142,Bai-Zhu
142,Pai-Chu
143,Belladonna
144,Oats
146,Neem
147,Desert Date
148,Black Horehound
149,Ayahuasca
149,Caapi
150,Wild Indigo
151,Buchu
152,Vinespinach
153,Leopard Lily
154,Waxgourd
155,Barberry
156,Brazilnut
157,Beet
157,Beetroot
158,Cherry Birch
159,Achiote
159,Annatto
160,Kuan Chung
160,Shield Fern
161,Hyacinth Orchid
162,Akee
162,Seso Vegetal
163,Tree Poppy
164,Tree Poppy
165,Ramie
166,Borage
167,Scented Boronia
168,Olibanum
169,Climbing Onion
169,Zulu Potato
170,Chinese Cabbage
170,Pak-Choi
171,Mustard Greens
172,Rutabaga
173,Black Mustard
175,Brussels-Sprouts
176,Cabbage
178,Collards
179,Kale
180,Kohlrabi
181,Chinese Cabbage
182,Sarson
183,Turnip
184,Wild Pineapple
185,Paper Mulberry
186,Manaca
187,White Bryony
188,Chai-Hu
189,Lignaloe
189,Linaloe
190,Gumbolimbo
191,Boxwood
192,Bird Of Paradise
193,Pigeonpea
194,Heart Of Jesus
195,Bitter Grass
195,Dog's Grass
195,Mexican Calea
196,Calendula
196,Pot-Marigold
197,Giant Milkweed
198,Tea
199,Happy Tree
200,Cananga
200,Ylang-Ylang
201,Java-Olive
201,Manila Elemi
202,Jack Bean
203,Achira
203,Queensland Arrowroot
204,Marijuana
205,Caper
206,Shepherd's Purse
207,Bell Pepper
208,Cayenne
208,Chili
208,Tabasco
209,Papaya
210,Safflower
211,Caraway
212,Pignut Hickory
213,Pecan
214,Shagbark Hickory
215,Pink Shower
216,Wild Senna
217,Sickle Senna
218,American Chestnut
219,Chinese Chestnut
220,European Chestnut
221,Black Bean
221,Moreton Bay Chestnut
222,Hsin-Pa-Pi
222,Kisasage
223,Khat
224,Lanceleaf Periwinkle
225,Madagascar Periwinkle
225,Rosy Periwinkle
226,Blue Cohosh
227,Cedro Colorado
227,Spanish Cedar
228,Deodar Cedar
229,Cedar of Lebanon
230,Cockscomb
231,Two-Flowered Sandspur
232,Star-Thistle
233,Cornflower
234,Centaury
235,Gotu Kola
235,Pennywort
236,Ipecac
236,Raicilla
237,Plum Yew
238,Fortune's Plum Yew
239,Hainan Plum Yew
240,Japanese Plum Yew
241,Mann's Plum Yew
242,Generic Plum Yew
243,Wilson's Plum Yew
244,Carob
244,St.John's-Bread
245,Chinese Quince
245,Mu-Kua
246,Garden Camomile
246,Perennial Camomile
246,Roman Camomile
247,Spurge
248,Celandine
249,Lambsquarter
250,Epazote
250,Wormseed
251,King's Cure
251,Pipsissewa
252,Curare
253,Irish Moss
254,Balsamite
254,Costmary
255,Pyrethrum
256,Garland Chrysanthemum
257,Feverfew
258,Chickpea
258,Garbanzo
259,Endive
259,Escarole
260,Chicory
260,Witloof
261,Water Hemlock
262,Sheng Ma
263,Black Cohosh
264,Quinine
265,Cassia
266,Java Cinnamon
266,Padang Cassia
267,Camphor
267,Ho Leaf
268,Japanese Cinnamon
269,Cinnamon
270,Butua
270,False Pareira
270,Pareira
271,Broomrape
271,Cistanchis Herba
271,Jou Tsung Jung
272,Ambreine
272,Gum Cistus
272,Labdanum
272,Rockrose
273,Colocynth
274,Watermelon
275,Lime
276,Petitgrain
279,Lemon
280,Citron
281,Mandarin
281,Tangerine
282,Orange
283,Grapefruit
284,Traveler's Joy
285,Blessed Thistle
286,Jih-Chiung
287,Chaya
288,Coconut
289,Coffee
290,Adlay
290,Adlay Millet
290,Job'S-Tears
290,Yi-Yi-Ren
291,Abata Cola
292,Autumn Crocus
292,Meadow Saffron
293,Forskohl's Coleus
294,Forskohl's Coleus
295,El Nene
296,Stone Root
297,Taro
298,Myrrh
299,Poison Hemlock
300,Larkspur
301,Lily-Of-The-Valley
302,Butterweed
302,Hogweed
302,Horseweed
303,Copaiba
304,Chinese Goldthread
304,Huang-Lian
304,Huang-Lien
305,Huang-Lia
305,Huang-Lian
305,Huang-Lien
305,Japanese Goldthread
306,Generic Goldthread
307,Jew's Mallow
307,Mulukiya
307,Nalta Jute
308,Coriander
309,Mealy Tree
310,Ground Toot
310,Shanshi
311,American Dogwood
312,Chinese Dogwood
313,Fumewort
314,English Filbert
315,Hawthorn
316,Hawthorn
317,Jicaro
318,Saffron
319,Sunhemp
320,Rattlepod
321,Cascarilla
322,Purging Croton
323,Rubber Vine
324,Cantaloupe
324,Melon
325,Cucumber
326,Pumpkin
327,Pumpkin
328,Summer Squash
329,Cumin
330,Mountain Dittany
331,Turmeric
332,Javan Turmeric
333,Shoti
333,Zedoary
334,Sago Cycas
335,Achocha
336,Quince
337,West Indian Lemongrass
338,East Indian Lemongrass
339,Palmarosa
339,Rosha Grass
340,Ceylon Citronella
340,Citronella
341,Skhabar
342,Java Citronella
342,Mahapengiri
343,Bai-Wei
343,Pai-Wei
344,Artichoke
345,Nutsedge
346,Tamarillo
346,Tree Tomato
347,Ladyslipper
348,Swamp Taro
349,Scotch Broom
350,Dragon's Blood
351,Yuan Hua
352,Spurge Laurel
352,Spurge Olive
353,Borrachero
353,Floripondio
354,Thorn Apple
355,Hindu Datura
356,Jimsonweed
357,Carrot
358,Noble Dendrobium
359,Akgiritotu
359,Burning Bush
359,Dittany
359,Gas Plant
359,Gazelotu
360,Dumbcane
361,Grecian Foxglove
362,Purple Foxglove
363,Greater Yam
363,Winged Yam
364,Air Potato
364,Potato Yam
365,Barbasco
366,Mountain Yam
367,Wild Yam
368,American Persimmon
369,Tonka Bean
370,Hopwood
371,Winter's Bark
372,Fortune's Fern
373,Male Fern
374,Corkwood Tree
374,Pituri
375,Golden Dewdrop
376,Coneflower
376,Echinacea
377,Cardamom
378,Eleuthero Ginseng
378,Siberian Ginseng
378,Spiny Ginseng
378,Wu jia
379,Couchgrass
379,Doggrass
379,Quackgrass
380,Pakistani Ephedra
381,Brigham Tea
381,Mormon Tea
382,Ma Huang
383,Ma-Huang
384,Field Horsetail
384,Horsetail
385,Horsetail
385,Scouring Rush
386,Loquat
387,Oriental Pipewort
388,Yerba Santa
389,Florida Eryngium
390,Culantro
391,Pito
392,Cockspur Coral Tree
393,Coral Bean
393,Gallito
394,Ordeal Tree
394,Sassy Bark
395,Coca
396,Amazonian Coca
396,Ipadu
397,Coca
398,Coca
399,California Poppy
400,Lemon Eucalyptus
401,Blue Gum
402,Tu Chung
403,Wou Chou Yu
404,Burning Bush
404,Wahoo
405,Boneset
406,Queensland Asthma Herb
407,Caper Spurge
407,Mole Plant
408,Poinsettia
409,Aveloz
410,Eyebright
411,Buckwheat
412,Garlic Ferula
413,Asafetida
414,Galbanum
415,Jaechke's Ferula
416,Sumbul
417,Fig
418,Meadowsweet
418,Queen Of The Meadow
419,Chinese Parasol
420,Fennel
421,Lian-Jiao
421,Lien-Chiao
422,Strawberry
423,Buckthorn
424,Chinese Ash
425,Bei-Mu
425,Fritillary
426,Bladderwrack
427,Hemp Nettle
428,Angostura
429,Waldmeister
429,Woodruff
430,Gamboge
431,Gardenia
431,Shan-Chih-Tzu
431,Shan-Zhi-Zi
432,Tian Ma
433,Teaberry
433,Wintergreen
434,Yellow Jessamine
435,Genipap
435,Jagua
436,Dyer's Broom
437,Stemless Gentian
438,Yellow Gentian
439,Japanese Gentian
440,Cranesbill
441,Gennoshiouko
441,Oriental Geranium
442,Ginkgo
442,Maidenhair Tree
443,Horned Poppy
444,Alehoof
445,Honey Locust
446,Bei Sha Shen
447,Mata Raton
448,Glory Lily
449,Soybean
450,Commom Licorice
450,Licorice
450,Smooth Licorice
451,Chinese Licorice
451,Gan-Cao
451,Kan-Tsao
452,Cotton
453,Gumweed
453,Rosinweed
454,Guaiac
455,Cocillana
456,Bay Cedar
457,Witch Hazel
458,Scarlet Bush
459,Devil's Claw
459,Grapple Plant
460,Drummond's Pennyroyal
461,Hispid Pennyroyal
462,American Pennyroyal
463,Reverchon's Pennyroyal
464,Ivy
465,Sinicuichi
466,Sunflower
467,Jerusalem Artichoke
468,Everlasting
468,Immortelle
469,Heliotrope
469,Turnsole
470,Indian Heliotrope
471,Black Hellebore
471,Christmas Rose
472,Indian Sarsaparilla
473,Luo Guo
474,Roselle
475,Manchineel
476,Tellicherry Bark
477,Barley
478,Kamyuye
479,Fishwort
480,Hops
481,Cutleaf Clubmoss
482,Sandbox Tree
483,Hyacinth
484,Thai Chaulmoogra
485,True Chaulmoogra
486,Hindi Chaulmoogra
487,Smooth Hydrangea
488,Peegee
489,Goldenseal
490,Henbane
491,Common St. Johnswort
491,Hypericum
491,Klamath Weed
492,Desert Lavender
493,Spicate Hyptis
494,Wild Hops
495,Hyssop
496,Mate
496,Paraguay Tea
496,South American Holly
497,Star Anise
498,Common Indigo
499,Elecampane
500,Swamp Cabbage
500,Water Spinach
501,Sweet Potato
502,Jalap
503,Ololiuqui
503,Tlitlitzen
504,Orris
505,Blue Flag
506,False Pennyroyal
507,Dyer's Woad
508,Jasmine
508,Poet's Jessamine
509,Calumba Root
510,Physic Nut
510,Purging Nut
511,Spanish Physic Nut
512,Butternut
513,Black Walnut
514,English Walnut
515,Rush
516,Common Juniper
516,Juniper
517,Cade Oil
517,Spanish Cedar
518,Sabine
519,Red Cedar
520,Jussiaeae Herba
520,Pond Dragon
521,Malabar Nut
522,Gandarussa
523,Angel Of Death
523,Bolek Hena
524,Maraba
525,Devil's-Backbone
526,Air Plant
526,Siempre Viva
527,Beach Bells
528,Mountain Laurel
529,Rhatany
530,Rhatany
531,Bonavist Bean
531,Hyacinth Bean
531,Lablab Bean
532,Golden Chain Tree
533,Redroot
534,Lettuce
535,Prickly Lettuce
536,Bitter Lettuce
537,Calabash Gourd
537,White-Flowered Gourd
538,Crape Myrtle
539,Intoxicating Mint
540,Lantana
540,Wild Sage
541,Chaparral
541,Creosote Bush
542,Latua
543,Bayleaf
544,English Lavender
545,Aspic
545,Broad-Leaved Lavender
545,Spike Lavender
546,Dutch Lavender
546,Lavandin
547,Henna
547,Mignonette
548,Marsh Tea
548,Wild Rosemary
549,Lentil
550,Woody Lion's-Ear
551,Lion's Ear
552,Catnipleaf Lion's-Ear
553,Motherwort
554,Epling's Lepechinia
555,Schiede's Lepechinia
556,Garden Cress
557,Lovage
558,Japanese Privet
558,Ligustri Fructus
559,Chinese Privet
559,Glossy Privet
559,Ligustri Fructus
559,Privet
560,Common Privet
561,Flax
561,Linseed
562,Sweet Herb
563,Oregano
564,Oriental Storax
564,Oriental Styrax
565,American Styrax
565,Sweetgum
566,Indian Tobacco
567,Devil's Tobacco
568,Darnel
568,Tares
569,Japanese Honeysuckle
570,Dan Zhu Ye
571,Peyote
572,Luffa
572,Smooth Loofah
572,Vegetable Sponge
573,White Lupine
574,Andean Lupine
574,Chocho
574,Tarhui
575,Wolfberry
576,Tomato
577,Antler Herb
577,Clubmoss
578,Chin-Pu-Huan
578,Clubmoss
578,Huperzia
579,American Bugle
580,European Bugle
581,One-Flowered Bugle
582,Bugle
583,Spider Lily
584,Magic Lily
584,Resurrection Lily
585,Climbing Fern
586,Purple Loosestrife
587,Macadamia
588,Plume Poppy
589,Hsin-I
589,Xin-Yi
590,Hsin-I
590,Xin-Yi
591,Hsin-I
591,Xin-Yi
592,Chinese Magnolia
592,Hou Pu
593,Oregon Grape
594,Acerola
595,Apple
596,Cheeses
596,Common Mallow
597,Cheeseweed
598,High Mallow
599,Mandrake
600,Mango
601,Cassava
601,Tapioca
601,Yuca
602,Arrowroot
602,Bermuda Arrowroot
603,Condurango
604,Horehound
605,Annual Camomile
605,German Camomile
605,Wild Camomile
606,Alfalfa
606,Lucerne
607,Cajeput
608,Chinaberry
609,White Melilot
610,Small-Flowered Melilot
611,Yellow Sweetclover
612,Balm
612,Lemonbalm
612,Melissa
613,Moonseed
614,Water Mint
615,Cornmint
615,Field Mint
615,Japanese Mint
616,Biblical Mint
617,European Pennyroyal
618,Spearmint
619,Peppermint
620,Applemint
621,Bogbean
621,Buckbean
622,Annual Mercury
623,Culebra
624,Jurema
624,Yurema
625,Sensitive Plant
626,Huaca-Mullo
627,Miso
627,Tazo
628,Kratum
629,Small-Flowered Moldavica
630,Thyme-Flowered Moldavica
631,Bitter Melon
631,Sorosi
633,Clinopod Bergamot
634,Beebalm
634,Oswego Tea
635,Wild Bergamot
636,Lindheimer's Monarda
637,Mean Monarda
638,Horsemint
639,Russel's Monarda
640,Montanoa
641,Indian Mulberry
642,Morinda
643,Sang-Pai-Pi
643,White Mulberry
644,Cowage
644,Velvetbean
645,Banana
646,None
648,Bayberry
648,Wax Myrtle
649,Mace
649,Nutmeg
650,Peru Balsam
652,Myrtle
653,Daffodil
654,Chinese Spikenard
655,Indian Nard
655,Spikenard
656,Berro
656,Watercress
657,Water Lotus
658,Catnip
659,Oleander
660,Bitter Wood
660,Contragavilana
661,Tree Tobacco
662,Aztec Tobacco
663,Tobacco
664,Black Cumin
665,Qiang Huo
666,Black Gum
666,Black Tupelo
667,Basil
668,Ocotea
669,Water Fennel
669,Water Hemlock
670,Water Dropwort
671,Javan Water Dropwort
672,Evening-Primrose
673,Olive
674,Mai-Men-Dong
674,Mai-Men-Tung
675,Hercules All Heal
675,Opopanax
676,Indian Fig
677,Dittany Of Crete
678,Marjoram
679,Oregano
679,Pot Marjoram
681,Star Of Bethlehem
682,Rice
683,Oca
683,Papa Roja
683,Quiba
684,Provision Tree
685,Large-Fruited Provision Tree
686,Yambean
687,Chih-Shao
687,Peony
688,Moutan
688,Tree Peony
689,Double Peony
690,Moutan
690,Tree Peony
691,Chinese Ginseng
691,Oriental Ginseng
692,Japanese Ginseng
693,Sanchi Ginseng
694,American Ginseng
695,Sea Daffodil
696,Great Scarlet Poppy
697,Opium Poppy
698,Polyphyllous Paris
699,Herb Paris
700,Manzana de Mayo
700,Mayapple
700,Passionflower
701,Granadilla
702,Parsnip
703,Guarana
704,Yoko
705,Yohimbe
706,Harmel
706,Syrian Rue
707,Rose Geranium
707,Scented Geranium
708,Squaw Root
709,Perilla
710,Avocado
711,Butterbur
712,Parsley
713,Qian Hu
714,Masterwort
715,Boldo
717,Scarlet Runner Bean
718,Butter Bean
718,Lima Bean
719,Black Bean
719,Green Bean
719,Haricot Bean
720,Huang Po
720,Po Mu
721,Date Palm
722,Eastern Mistletoe
723,Indian Gooseberry
723,Otaheite Gooseberry
724,Emblic
724,Myrobalan
725,Seed On The Leaf
726,Bladderherb
726,Lantern
727,Tomatillo
728,Cape Gooseberry
728,Ground Cherry
729,Calabar Bean
730,Pokeweed
731,White Spruce
732,Black Spruce
733,Bitterwood
733,Jamaican Quassia
734,Lignum Quassia
734,Nigaki
734,Shurni
735,Picrorhiza
736,Indian Hemp
736,Pernambuco Jaborandi
737,Maranhao Jaborandi
738,Paraguay Jaborandi
739,Guadalupe Jaborandi
740,Allspice
741,Bayrum Tree
742,Anise
743,Ban-Xia
743,Pan-Hsia
744,Shortleaf Pine
745,Slash Pine
746,Dwarf Pine
746,Swiss Mountain Pine
747,Longleaf Pine
748,Eastern White Pine
748,White Pine
749,Scotch Pine
750,Matico
751,Cordoncillo
752,Betel Pepper
753,Cubeb
754,Kava-Kava
755,Black Pepper
756,Jamaica Dogwood
757,Mastic
758,Pistachio
759,Pea
760,Asian Plantain
761,Common Plantain
762,Blond Psyllium
762,Ispaghula
762,Spogel Seeds
763,Psyllium
764,Balloon Flower
764,Chieh-Keng
764,Jie-Geng
765,Frangipani
766,Mayapple
767,Patchouli
768,Tuberose
769,Seneca Snakeroot
769,Senega
770,Chinese Senega
771,Prostrate Knotweed
772,Japanese Knotweed
773,Common Smartweed
774,Mild Water Pepper
775,Chinese Cornbind
775,Fleeceflower
775,Fo Ti
776,Andean Jicama
777,Calaguala
778,Common Polypody
778,Sweet Fern
779,Chinese Polystichum
780,Balsam Poplar
781,Black Poplar
782,Balm Of Gilead
783,Purslane
784,Santiago
785,Mesquite
786,Self-Heal
787,Apricot
788,Sour Cherry
789,Plum
790,Almond
791,Cherry Laurel
792,Peach
793,Black Cherry
793,Wild Cherry
794,Blackthorn
794,Sloe
795,Strawberry Guava
796,Guava
797,Asparagus Pea
797,Goa Bean
797,Winged Bean
798,Babchi
798,Black Dot
798,Malaya Tea
799,Indian Bread-Root
800,Bracken
800,Bracken Fern
801,Indian Kino
801,Malabar Kino
802,Red Saunders
803,Muira Puama
804,Kudzu
805,Chinese Kudzu
806,Chinese Anemone
807,Pomegranate
808,White Mountain Mint
809,Beadle's Mountain Mint
810,California Mountain Mint
811,Clinopod Mountain Mint
812,Curved Mountain Mint
813,Flexuose Mountain Mint
814,Hoary Mountain Mint
815,Loomis' Mountain Mint
816,Montane Mountain Mint
817,Muticous Mountain Mint
818,Nude Mountain Mint
819,Pilose Mountain Mint
820,Typical Mountain Mint
821,Setose Mountain Mint
822,Slenderleaf Mountain Mint
823,Torrey's Mountain Mint
824,Whorled Mountain Mint
825,Virginia Mountain Mint
826,Pear
827,Bitterwood
827,Quassia
828,White Oak
829,Aleppo Oak
829,Dyer's Oak
829,Gall Oak
830,Willow Oak
831,English Oak
832,Northern Red Oak
833,Post Oak
834,Cork Oak
835,Black Oak
836,Soapbark
837,Rangoon Creeper
838,Bulbous Buttercup
839,Radish
840,Indian Snakeroot
840,Serpentine Wood
841,Four-Leaf Devilpepper
841,Pinque-Pinque
842,African Snakeroot
843,Chinese Foxglove
844,Cascara Sagrada
845,Chinese Rhubarb
846,Chinese Rhubarb
847,Rhubarb
848,Red Mangrove
849,Chinese Alpenrose
850,Rusty-Leaved Alpenrose
851,Yellow Azalea
852,Pontic Alpenrose
853,Dulse
854,Dwarf Sumac
854,Winged Sumac
855,Smooth Sumac
856,Poison Ivy
857,Burn Mouth Vine
858,Black Currant
859,Red Currant
859,White Currant
860,Gooseberry
861,Castorbean
862,Snakeplant
863,Black Locust
864,Marshcress
865,Rose
866,Cabbage Rose
867,Damask Rose
868,French Rose
869,Cherokee Rose
870,Multiflora Rose
871,Rosa Mosqueta
872,Rose Hips
873,Rosemary
874,Madder
875,Cloudberry
876,Chinese Raspberry
877,Blackberry
878,Red Raspberry
879,Garden Sorrel
880,Sheep Sorrel
881,Curly Dock
881,Lengua De Vaca
881,Yellow Dock
882,Canaigre
883,Butcher's Broom
884,Rue
885,White Willow
886,Seer Sage
887,Dan-Shen
887,Red Sage
887,Tan-Shen
888,Sage
889,Clary Sage
890,Greek Sage
891,American Elder
891,Elderberry
892,European Alder
893,Bloodroot
894,Small Burnet
895,Greater Burnet
896,African Bowstring Hemp
896,Snake Plant
897,White Sandalwood
898,Lavender Cotton
899,Soma
900,Sassafras
901,Douglas' Savory
902,Smooth Savory
903,Summer Savory
904,Winter Savory
905,Common Savory
906,Costus
906,Kuth
907,California Peppertree
907,Mastic-Tree
907,Peruvian Peppertree
908,Brazilian Peppertree
909,Chinese Magnolia Vine
909,Schizandra
910,Ching-Chieh
910,Jing-Jie
911,Sabadilla
912,Marula
913,Scopolia
914,Hsuan-Shen
914,Yuan-Shen
915,Chinese Skullcap
915,Huang Qin
916,Hybrid Skullcap
917,Discolor Skullcap
918,Marsh Skullcap
919,Mad-Dog Skullcap
920,Small Skullcap
921,Chayote
922,Night-Blooming Cereus
923,Liferoot
923,Squawweed
924,Ringworm Bush
925,Sicklepod
926,Coffee Senna
927,Saw Palmetto
928,Sesame
929,Broomweed
929,Teaplant
930,Hsi Chien
930,Saint Paul'Swort
931,Milk Thistle
932,Simaruba Bark
933,Simaruba Bark
934,Jojoba
935,White Mustard
936,Ching-Feng-Teng
937,China Root
938,Sarsaparilla
939,Horsenettle
940,Bitter Nightshade
940,Bittersweet
941,Love Apple
941,Susumber
942,Aubergine
942,Eggplant
943,Black Nightshade
944,Susumba
944,Wild Eggplant
945,Potato
946,European Goldenrod
946,Woundwort
947,Cerraja
947,Sow Thistle
948,Narrowleaf Sophora
949,Japanese Pagoda Tree
950,Siberian Pachycarpa
951,Mescal Bean
952,Shan Dou Gen
953,Rowan Berry
954,Genet
954,Spanish Broom
954,Weaver's Broom
955,African Yam Bean
955,Yam Pea
956,Indian Pink
956,Pinkroot
957,Spinach
958,Spirulina
959,Ambarella
960,Yellow Mombin
960,Yellow Plum
961,Yellow Mombin
961,Yellow Plum
962,Purple Jobo
962,Purple Plum
963,Imbu
963,Umbu
964,Downy Woundwort
965,Betony
965,Wood Betony
966,Verbena
967,Brazilian Tea
968,Chickweed
969,Indian Tape-Vine
970,Japanese Tape-Vine
971,Stephania
972,Karaya
973,Ca-A-E
973,Sweet Leaf of Paraguay
974,Queen's-Delight
974,Stillingia
975,Ouabain
976,Hispid Ouabain
977,Kombe Arrow Poison
978,Nux-Vomica
978,Stychnine
979,Benzoin
979,Onycha
979,Styrax
980,Siam Benzoin
981,Billy Webb
981,Cascara Amarga
982,Chirata
982,Chiretta
983,Buckbush
984,Comfrey
985,Skunk Cabbage
986,Clove
987,Pau D'Arco
988,Iboga
989,Marigold
990,Wild Marigold
991,French Marigold
992,Tamarind
993,Tansy
994,Mongoloid Dandelion
995,Dandelion
996,Common Yew
997,Yellow Elder
998,White Tephrosia
999,Purple Tephrosia
999,Wild Indigo
1000,Devil's Shoestring
1001,Fish Poison Bean
1002,Indian Almond
1003,Ink Nut
1003,Myrobalan
1004,Arar Tree
1004,Sandarac
1005,New Zealand Spinach
1006,Rice Paper Tree
1006,Tong-Cao
1006,Tung-Tsao
1007,Wall Germander
1008,Cat Thyme
1009,Golden Germander
1010,Cacao
1011,Arbor-Vitae
1011,Northern White-Cedar
1012,'Sicilian' Thyme
1012,Spanish Origanum
1012,Spanish Thyme
1013,Spanish Marjoram
1014,Orosped Thyme
1015,Creeping Thyme
1016,Common Thyme
1016,Garden Thyme
1017,Basswood
1017,Lime
1017,Linden
1018,Ajwan
1019,Salsify
1020,Snakegourd
1021,Chinese Cucumber
1022,Red Clover
1023,Fenugreek
1024,Yellow Vine
1025,Wheat
1026,Nasturtium
1027,Anu
1027,Mashua
1028,Eastern Hemlock
1029,Damiana
1030,Coltsfoot
1031,Melloco
1031,Ulluco
1032,Slippery Elm
1033,California Bay
1034,Gambir
1034,Pale Catechu
1035,Indian Squill
1035,Sea-Onion
1036,European Squill
1037,European Nettle
1037,Stinging Nettle
1038,Blueberry
1039,Cranberry
1040,Bilberry
1040,Whortleberry
1041,Cowberry
1041,Lingen
1041,Lingonberry
1042,Valerian
1043,Corn Salad
1043,Lamb's Lettuce
1044,Vanilla
1045,Tahiti Vanilla
1046,White Hellebore
1047,American Hellebore
1047,Indian Poke
1048,Mullein
1049,Vervain
1050,Common Speedwell
1050,Gypsyweed
1051,Cus-Cus
1051,Vetiver
1052,Crampbark
1052,European Cranberry Bush
1052,Guelder Rose
1053,Black Haw
1054,Broadbean
1054,Faba Bean
1055,Mat Bean
1055,Moth Bean
1056,Adzuki Bean
1057,Black Gram
1058,Green Gram
1058,Mungbean
1059,Bambarra Groundnut
1059,Groundbean
1062,Periwinkle
1063,Common Violet
1063,Sweet Violet
1064,Pansy
1064,Wild Violet
1065,Parica
1066,European Mistletoe
1067,Chaste-Tree
1068,Grape
1069,Warburghia
1070,Goldcup
1070,Pasmo
1071,Ashwagandha
1072,Malanga
1072,Tannia
1072,Yautia
1073,Spanish Bayonet
1073,Yucca
1074,Joshua Tree
1075,Mohave Yucca
1076,Northern Prickly Ash
1077,Corn
1078,Ginger
1079,Da-Zao
1079,Jujube
1079,Ta-Tsao
1080,Syrian Christ-Thorn
1081,Tulip
1082,Chilgoza Pine
1083,Khasi Pine
1084,Chir Pine
1084,Himalayan Longleaf
1085,Bhutan Pine
1086,Himalayan Mayapple
1087,Chinese Mayapple
1088,Cedron
1089,Wasakusili
1090,Savanna Courbaril
1091,Cajurana
1092,Skimmia
1093,Japanese Skimmia
1094,Indian Valerian
1095,Ucahuba
1095,Ucuuba
1096,Indian Prickly Ash
1096,Wartara Oil Tree
1097,Pondapple
1098,Mountain Soursop
1099,Indian Wintergreen
1100,Rye
1101,Chia
1108,Ajicito
1108,Coca de pescado
1109,Guarda orvalho
1117,Hayo
1123,Mamacoca
1124,Bastard sandal
1124,Red cedar
1130,Arco de pipa
1133,Arabillo
1133,Jiba
1135,Wild coca
1136,Cerecito
1136,Hayo
1136,Jaillito
1140,Ichang papeda
1141,Meyer lemon
1142,Meyer's citrus
1142,Yuzu
1143,Citrus
1144,Satsuma mandarin
1145,EQUATORIAL IVORY PALM
1146,IVORY NUT PALM
1149,Sallow Thorn
1149,Sea Buckthorn
1149,Yellow Spine
1150,Russian Olive
1150,Silver Berry
1151,Silver Berry
1152,Iwuken
1152,Oriental Silver Berry
1153,Thorny Silver Berry
1154,Russian Olive
1177,Persimmon
1194,Malabar Catmint
1200,Envira Preta
1201,Cipo-Ira
1202,Himalayan Juniper
1202,Indian Juniper
1203,White Lippia
1204,Kapok
1204,Silk-Cotton Tree
1205,Castarica
1205,Emerald Cacao
1206,Nicaraguan Cacao
1206,Pataste
1207,Carambola
1207,Star Fruit
1208,Buffalo Gourd
1209,Leren
1209,Lleren
1210,Chufle
1211,Andiroba
1212,Bael de India
1212,Bael fruit
1213,Llama
1214,Bilimbi
1214,Limon chino
1215,Peach palm
1215,Pejibaye
1216,Breadnut
1216,Tamamuri
1217,Nance
1218,Babaco
1218,Mountain papaya
1219,Matasano
1219,White sapote
1220,Cocoa plum
1220,Icaco
1221,Caimito
1221,Star Apple
1222,Calamansi
1222,Calamondin
1223,Black Sapote
1223,Sapote Negro
1224,Durian
1225,Brazil Cherry
1225,Grumichama
1226,Pitanga
1226,Surinam Cherry
1227,Brazillian Guava
1227,Guava Brazilera
1228,Mangosteen
1228,Mangostin
1229,Guatemala Cereus
1229,Nopalito De Guatemala
1230,Night-Blooming Cereus
1230,Nopalito De Noche
1230,Strawberry Pear
1231,Guaba
1231,Icecream Bean
1232,Ice Cream Bean
1232,Pacay
1233,Sansapote
1234,Elephant Apple
1234,Manzana De Elefante
1234,Wood-Apple
1235,Mamey
1236,Sapodilla
1237,Aguaje
1237,Buruti
1237,Morichi palm
1238,Genip
1238,Honey berry
1238,Mamoncillo
1238,Pitomba
1239,Cereso
1239,Jamaica cherry
1239,Yumansa
1240,Jaboticaba
1241,"Camu-camu (Eng.,Peru,Scn.,Sp.)"
1241,Rumberry (Eng.)
1242,Black rumberry
1242,Camu-camu arbol
1242,Camu-camu negro
1243,Maracuya
1243,Passionfruit
1244,Granadilla Cimarrona
1244,Stinking Granadilla
1245,Granadilla
1245,Sweet Granadilla
1246,Banana Passionfruit
1246,Granadilla De Guineo
1247,Barbados Gooseberry
1247,Grosela Americana
1248,Palta De Monte
1248,Wild Avocado
1248,Wild Pear
1249,Bolsa Mullaca
1249,Winter Cherry
1250,Bakuri
1250,Pacouri
1251,Tree Grape
1251,Uvilla
1252,Abiu
1252,Caimito
1253,Canistel
1254,Green Sapote
1254,Sapote Verde
1255,Cereza
1255,Sweet Cherry
1256,Capulin
1256,Wild Cherry
1257,Chupa-Chupa
1257,Sapote
1258,Biriba
1258,Lancewood
1259,Cassabanana
1260,Naranjillo
1261,Cocona
1262,Aceituna Dulce
1262,Jambolan
1262,Java Plum
1263,Pomarrosa
1263,Rose Apple
1264,Malay Apple
1264,Mammey Pomorrosa
1264,Ohia
1265,Macambo
1267,African Oil Palm
1268,American Oil Palm
1269,Gru-Gru Nut
1269,Mbocaya
1270,Hog Peanut
1271,Venus' Fly Trap
1272,Laciniate Cow-parsnip
1273,Teatree
1274,Paperbark Tea_tree
1275,Bracteate Tea-Tree
1276,Broad-Leaf Tea-Tree
1276,Niaouli
1277,Gorse
1278,Ash
1279,Jack na bush
1280,Anamu
1280,Guinea Hen Leaf
1281,Pepper elder
1281,Yerba de la plata
1282,Simpson's elderberry
1283,Benghal dayflower
1284,Common dayflower
1285,Cretan culantro
1286,Triplinerved eupatorium
1287,Agbo
1287,Shrubby Basil
1289,Mexican ageratum
1290,Aglaonema aroid
1291,Spiny pigweed
1292,Bastard wormwood
1293,Cumana ragweed
1294,Madeira vine
1295,Feathery coconut
1295,Queen palm
1296,Monkey puzzle
1297,Indian bean
1298,Spanish oak
1299,Guanique
1300,Timaque
1301,Wild grape
1302,Mabi
1302,West indian colubrina
1303,Texas colubrina
1304,Glass tree
1304,Tibi
1306,European dodder
1307,Amarbel
1308,Water chestnut
1309,Viscid pussytoes
1310,Campechy
1310,Logwood
1311,Chinese hibiscus
1311,Shoe-flower
1312,Barbados lily
1313,Mala madre
1314,Mexican bay
1315,Ascending ludwigia
1316,Fireweed ludwigia
1317,Perennial ludwigia
1318,Four-o-clock
1319,Guinea grass
1320,Congress grass
1322,Hina plant
1323,Cadillo
1324,Perejil
1325,Pito sico
1325,Santa maria
1326,Cow's tongue
1327,Cordoban
1329,Yerba de san martin
1330,Alexandran senna
1331,Juan la blanca
1333,Indian tulip tree
1334,Yellow oleander
1335,Peruvian Yellow Oleander
1336,Jojoban
1337,Coatbuttons
1337,Mexican daisy
1338,Purple fleabane
1341,Turkish Calamint
1344,Nepalese cinnamon
1344,Sugandha kokila
1345,Veiny cinnamon
1347,Indonesian cinnamon
1348,Fuzzy cinnamon
1349,Porrect cinnamon
1350,Hairy cinnamon
1352,Kabusu
1353,Kabosu
1354,Sudachi
1356,Copalchi
1358,Cipo caboclo
1358,Watervine
1359,Bejuco de agua
1359,Cipo caboclo
1359,Liane chasseur (=chaser vine)
1360,Dragonhead
1361,Bantaluki
1361,Bantulsi
1370,Brasses' Eucalyptus
1371,Bridges' Eucalyptus
1376,Gum
1380,New England 'peppermint'
1389,Pau pereira
1394,Rocket candytuft
1395,Garden balsam
1396,Otaheite chestnut
1396,Tahiti chestnut
1397,Azar quiro
1397,Sacha rifari
1398,Bataua
1398,Mil pesos
1398,Seje
1400,Oiticica
1404,Ostrich fern
1405,White champac
1406,Champac
1407,Dagcayi
1407,Haydarotu
1407,Topukcayi
1408,Fringed-heath myrtle
1409,Aninga
1409,Castana de agua
1410,Curry Leaf Tree
1412,Flowering Quince
1413,Chasing jola
1413,Jungli dulchini
1414,Te de Sierra Nevada
1431,Teak
1432,Lilac
1433,Barrehorno
1433,John Charles
1434,Amboini Coleus
1434,Country Borage
1434,Cuban Oregano
1434,French Thyme
1434,Indian Borage
1434,Soup Mint
1434,Spanish Thyme
1435,Ben Nut
1435,Drumstick Tree
1435,Horseradish Tree
1436,Raichie
1436,Tea Bush
1437,Raichie
1438,Puncture-vine
1967,Longleaf Periwinkle
1968,Pinyon Pine
1969,Mexican Pinyon
1970,Khasi Pine
1971,Italian Stone Pine
1971,Pignolia
1972,Cat's Claw
1972,Garabato Amarillo
1972,Una de Gato
1974,Ninde
1975,Giant Hyssop
1979,Nilkanthi
1980,Bugle
1982,Ivy Bugle
1983,Hyssop
1984,Bugle
1985,Panjiri-ka Pat
1986,Kalabhangra
1987,Calamint
1988,Spanish Heal-All
1990,Coleus
1991,Spanish Oregano
1995,Hsiang Ju
1996,Furan Chemotype
1998,'Dwarf' Bush Mint
2001,Hairy Mint Shrub
2002,Bush Mint
2003,Downy Hemp Nettle
2005,Lavender
2006,Hybrid Lavender
2008,Apple Mint
2009,Mint
2010,Kaya Yarpuzu
2016,Muna
2016,Tipo
2017,Small-Flowered Moldavica
2018,Thyme-Flowered Moldavica
2019,Hoary Basil
2020,African Blue Basil
2020,Kenyan Perennial Basil
2021,Holy Basil
2021,Tulsi
2022,Basil
2023,Kenyan Tree Basil
2024,Anise-Scented Basil
2025,Small-Flowered Oregano
2027,Lal Agada
2028,Hairy Rosemary
2029,Lavender Rosemary
2030,Mendizabali's Rosemary
2031,Canary Island Sage
2032,'Honduran' Sage
2033,'Cordoba' Sage
2034,Sage
2035,Sage
2036,Turkish Savory
2037,Cuneate Turkish Savory
2038,French Savory
2039,Scented Pampa Savory
2040,Small-Leaf Pampa Savory
2041,Yugoslav Savory
2042,Goat Oregano
2044,Skullcap
2046,Kedi Kuyrugu Cayi
2049,El Molinillo Sideritis
2050,Balkan Sideritis
2053,Woundwort
2055,Woundwort
2057,Field Germander
2058,'Cyprus' Germander
2059,Hoary Divaricate Germander
2060,Iberian Germander
2061,Stavros Kotschy's Germander
2062,Small 'Cyprus' Germander
2063,Mountain Germander
2066,Water Germander
2067,Germander
2068,Moroccan Thyme
2069,'Anatolian' Thyme
2070,Thyme
2071,'Moroccan' Thyme
2072,Moroccan Savory Thyme
2073,Blue Curls
2074,Hsiang Ju
2075,Tasnanesi
2076,Tea Hyssop
2076,Zopha
2076,Zuta
2077,Lemon Mint
2078,Catmint
2079,Bayircayi
2079,Guveyoto
2080,Za'Atar
2081,Slender Turkish Oregano
2082,Greek Oregano
2083,Istanbul Kekigi
2083,Turkish Oregano
2084,Green Turkish Oregano
2085,Common Turkish Oregano
2085,Wild Oregano
2087,Rosemary
2088,Iberian Savory
2088,Savory
2089,'Croatian Alpine' Germander
2092,Iberian Golden Germander
2094,Germander
2094,Wood Germander
2095,Kekik
2095,Tas Kekik
2096,'Portuguese' Thyme
2097,Spanish Thyme
2098,Madeiran 'Hyssop'
2099,Funk's thyme
2099,Lemon Thyme
2100,Funk's Thyme
2120,Vietnamese Cajuput Oil
2121,Tea-Tree
2122,Blue Vervain
2123,Brindleberry
2124,Cat's Claw
2125,Echinacea
2126,Echinacea
2127,Echinacea
2128,False Unicorn
2131,Early Goldenrod
2132,Gugul
2133,Gymnema
2135,Citrosa
2136,Eucalyptus
2140,Eucalyptus
2144,Gum
2145,Gum
2149,Gum
2150,Gum
2151,Gum
2156,Lime
2158,Pau d'arco
2159,Pepperbark
2159,Southern Prickly Ash
2160,Bitter Almond
2160,Red Stinkwood
2161,Reishi
2162,Sarsaparilla
2163,Shiitake
2164,Partridge-berry
2164,Squawvine
2165,Suma
2166,Swallowwort
2167,Wild Yam
2168,Yew
2170,Yew
2171,Sumatran Yew
2172,Himalayan Yew
2173,Yunnan Yew
2175,Tepary Bean
2176,Yellowroot
5009,Merrill flowers
174,Cauliflower
1352,Bitter Orange
1352,Neroli
1352,Petitgrain
1918,Cowage
1918,Velvetbean
645,Plantain
650,Tolu Balsam
2092,Golden Germander
1060,Pea Bean
2082,Wild Oregano
2082,Common Turkish Oregano
40,Sticklewort
379,Wheatgrass
379,Twitchgrass
58,Aloe
104,Burdock
233,Bachelor's Button
2128,Devil's Bit
2128,Starwort
2177,Guggul
2132,Guggul
2178,Forskohl's Coleus
2125,Narrow Leaf Echinacea
2125,Narrow Leaf Purple-Coneflower
2126,Pale-Flower Echinacea
2126,Pale Purple-Coneflower
2127,Eastern Purple-Coneflower
2127,Purple-Coneflower
382,Chinese Ephedra
2179,Pampa Anise
2180,Awarra Palm
2180,Tucum Palm
2180,Tucuma Palm
2179,Irish Lace
426,Kelp
2180,Tucuma
2181,Butterseed
2181,Shea Nut
2181,Shea-Butter-Tree
2181,Sheatree
2181,Shea
931,Lady's Thistle
2187,Aloe
140,Huang Qi
618,Hortela da Folha Miuda
2183,Corsican Mint
2183,Mentha di Requien
2184,Ragweed
2184,Annual Bur-Sage
2184,Sandbur
2185,Margarita de Mar
2186,Magdalena Ragweed
2188,Knobweed
2190,Mesquite
2190,Honey Mesquite
2191,Woods' Rose
2194,Arjun
2194,Arjuna
1002,Tropical Almond
1002,Malabar Almond
1003,Black Myrobalan
2119,Beleric Myrobalan
2119,Bahera
2119,Myrobalan Belleric
2195,Idigbo
2195,Emire
2195,Blackbark
2195,Black Afara
2195,Brimstonewood
2195,Satinwood
2195,Shinglewood
2200,Feverfew
2200,American Feverfew
2202,Spirulina
2200,Wild Quinine
909,Wu Wei Zu
2203,European Butterbur
2204,Wild Strawberry
2204,European Strawberry
1280,Mucura
2205,Velvet Leaf
2205,Butterprint
2205,Indian-Mallow
2205,Abutilon-Hemp
2206,Sweet Grass
2206,Vanilla-Scented Grass
2207,Broomsedge
2208,Head Lettuce
2208,Iceberg Lettuce
719,Garden Bean
719,String Bean
2209,Canola
2209,Rape
2210,Hawthorn
2210,English Hawthorn
2211,Hawthorn
2212,Hawthorn
2213,Snowdrop
2214,Guar
2214,Cluster-Bean
2214,Siam-Bean
260,Succory
2161,Ling Zhi
2215,Cinnamon
2133,Miracle Fruit
477,Barleygrass
487,Hydrangea
491,St. John's-wort
491,Goatweed
1054,Habas
168,Frankincense
517,Cade
517,Brown Juniper
517,Prickly Juniper
559,White Waxtree
566,Lobelia
604,White Horehound
648,Southern Bayberry
648,Candle-Berry
691,Ginseng
691,Korean Ginseng
694,Ginseng
2200,Missouri Snakeroot
2200,Prairie-Dock
2165,Pfaffia
742,Sweet Cumin
753,Cubeb Pepper
762,Psyllium
762,Indian Plantago
775,He Shou Wu
804,Kudsu
2216,Buckthorn
2216,European Buckthorn
2217,Cascara Sagrada
2217,Cascara Buckthorn
844,Cascara Buckthorn
865,Dogbrier
865,Dog Rose
878,Raspberry
881,Sour Dock
883,Box-Holly
909,Wu Wei Zi
909,Magnolia Vine
909,Five-Flavor-Fruit
915,Baikal Skullcap
919,Scullcap
1330,True Senna
1330,Indian Senna
927,Scrub-Palmetto
2162,Jamaica Sarsaparilla
2162,Honduran Sarsaparilla
2162,Brown Sarsaparilla
2201,Sarsaparilla
965,Bishop's-Wort
965,Purple Betony
968,Common Chickweed
974,Queen's-Root
974,Yawroot
2158,Taheebo
2220,Feverfew
2119,Myrobalan
2119,Belleric
1003,Chebulic Myrobalan
1016,Thyme
1022,Purple Clover
1023,Greek Clover
1023,Greek Hay
1032,Red Elm
2222,Slippery Elm
2222,Red Elm
2124,Una de Gato
2124,Garabato Colorado
2124,Tambor Huasca
2124,Ungunagi
1039,Large Cranberry
1039,American Cranberry
1040,Dwarf Bilberry
1042,Common Valerian
1042,Garden-Heliotrope
1048,Velvetplant
1048,Flannelleaf
1048,Flannelplant
1048,Great Mullein
2122,Wild Hyssop
2122,American Blue Vervain
1052,Snowballbush
1062,Running-Myrtle
1068,European Grape
1068,Wine Grape
1073,Banana Yucca
1073,Blue Yucca
2159,Hercules'-Club
2159,West Indian Yellowwood
324,Muskmelon
324,Netted Melon
324,Persian Melon
324,Nutmeg Melon
466,Girasol
2224,Artichoke
2224,Cardoon
2224,Globe Artichoke
2225,Osage-Orange
2225,Hedge Apple
801,bijasal
1434,Mexican Mint
84,Angelica
84,Wild Parsnip
87,Dang Quai
87,Dang Qui
87,Dong Gui
87,Chinese Angelica
676,Prickly Pear
676,Nopal
676,Nopalito
697,Poppyseed Poppy
221,Australian Chestnut
400,Lemon-Scented Gum
400,Spotted Gum
400,Citron-Scented Gum
2144,Flooded Gum
2144,Rose Gum
401,Eucalypt
401,Tasmanian Bluegum
2227,Solomon's Seal
543,Sweet Bay
543,Grecian Laurel
543,Bay Laurel
543,Laurel
664,Roman Coriander
664,Fennel-Flower
664,Nutmeg-Flower
664,Black Caraway
269,Ceylon Cinnamon
2215,Ceylon Cinnamon
83,Garden Dill
2228,Jiaogulan
740,Jamaica-Pepper
740,Pimenta
740,Clover-Pepper
2229,Brahmi
2229,Water Hyssop
413,Asafoetida
413,Assa-foetida
667,Sweet Basil
207,Green Pepper
207,Cherry Pepper
207,Sweet Pepper
207,Cone Pepper
207,Paprika
678,Sweet Marjoram
2230,Yellow Ginger Lily
2231,Scented Geranium
2232,Ravensara
1051,Cuscus Grass
543,Bay
2233,Cilician Catmint
2085,Oregano
2085,Pot Marjoram
2085,Wild Marjoram
2085,European Oregano
755,Pepper
208,Hot Pepper
208,Spur Pepper
208,Red Chili
904,Savory
928,Benneseed
331,Indian Saffron
2234,False Strawberry
2234,Indian Strawberry
2234,Mock Strawberry
37,Honey Buchu
37,Mountain Buchu
2178,Indian Coleus
60,Siamese Ginger
61,Chinese Ginger
62,White Mallow
2235,Clubmoss
2236,Clubmoss
2237,Clubmoss
2238,clubmoss
2239,Clubmoss
2240,Clubmoss
2241,Clubmoss
2242,Clubmoss
2243,Clubmoss
2244,Clubmoss
2245,Clubmoss
2246,Shining Clubmoss
2247,Clubmoss
2248,Dame's Rocket
2248,Sweet Rocket
2248,Damask-Violet
2248,Dame's-Violet
157,Sugar Beet
157,Garden Beet
2157,Salaki
2157,Salai Guggal
2157,Kundur Luban
2157,Salai
2157,Indian Olibanum-Tree
2157,Indian Frankincense
2249,Sugarcane
2250,Sweet Quandong
2250,Quandong
2250,Quandong Nut
2251,Arrow Poison
170,Chinese Mustard
170,Bok-Choy
170,Celery Mustard
170,Chinese White Cabbage
170,Celery Cabbage
2252,Pak-Choi
2252,Chinese Mustard
2252,Bok-Choy
2252,Celery Mustard
2252,Chinese White Cabbage
2252,Celery Cabbage
2252,Chinese Cabbage
172,Swede
172,Swedish Turnip
176,Red Cabbage
176,White Cabbage
175,Brussel-Sprout
891,American Elderberry
891,Sweet Elder
178,Cow Cabbage
178,Tall Kale
178,Tree Kale
178,Spring-Heading Cabbage
179,Curly Kale
179,Kitchen Kale
179,Scotch Kale
183,Seven-Top Turnip
183,Rapini
892,European Elder
892,European Elderberry
892,Elder
892,Black Elder
316,English Hawthorn
316,Whitethorn
316,Woodland Hawthorn
2253,Hawthorn
2254,Rooibos
2254,Kaffree Tea
2254,Red Bush Tea
2255,Broccoli
2255,Heading Broccoli
2255,Sprouting Broccoli
2255,Cape Broccoli
2255,Purple Cauliflower
2255,Asparagus Broccoli
2255,Winter Broccoli
2255,Calabrese
2256,Sheng ma
2256,Xing an sheng ma
2257,Bugbane
2257,Sheng ma
2257,Foetid Bugbane
2258,Sheng ma
2258,Bugbane
2258,Foetid Bugbane
2259,San mian dao
263,Black Snakeroot
2260,Black Cohosh
2260,Black Snakeroot
2261,Ye sheng ma
2262,Ye sheng ma
992,Kilytree
1416,Manuka
1416,Broom Teatree
2123,Malabar Tamarind
2123,Garcinia
2263,Deccan-Hemp
2263,Indian-Hemp
2263,Kenaf
2263,Mesta
2263,Bastard-Jute
2263,Bimli-Jute
2263,Java-Jute
2264,Kokum
2264,Kokam
2264,Goa-Butter
2265,Asam Gelugor
2265,Gelugur
2266,Goat's Rue
2266,Galega
2267,Congona
2268,Marginal Wood Fern
2268,Marginal Fern
2269,Ebony Spleenwort
783,Verdolaga
799,Prairie Apple
799,Prairie Potato
799,Indian Turnip
799,Breadroot
799,Prairie Turnip
922,Queen-of-the-Night
1230,Belle-of-the-Night
1230,Queen-of-the-Night
2270,Night-Blooming Cereus
204,Marihuana
204,Indian Hemp
2271,Wineberry
2271,Wine Raspberry
2271,Japanese Wineberry
2272,Salmonberry
2273,Salmonberry
2273,Thimbleberry
2274,Cornelian Cherry
2274,Sorbet
720,Amur Cork Tree
720,Huang Bai
2275,Hierba Mansa
2275,Yerba Mansa
204,Hemp
973,Stevia
2276,Devil's Walking Stick
2276,Hercules' Club
2276,Prickly Ash
2276,American Angelica Tree
2277,Quilquinya
2278,Pitcher-Plant
68,Elephant Yam
68,Snake Palm
2295,lords-and-Ladies
2295,Adam-and-Eve
2295,Cuckoopint
261,Spotted Water Hemlock
299,Hemlock
299,Spotted Hemlock
299,Fool's Parsley
299,Carrot Fern
299,Spotted Parsley
388,California Yerba Santa
388,Hierba Santa
388,Mountain Balm
388,Bear's Weed
388,Consumptive's Weed
388,Tarweed
388,Gum Bush
388,Holy Herb
775,Chinese Knotweed
479,Dokudami
479,Yu Xing Cao
1022,Peavine Clover
1022,Cowgrass
2298,Ivy Gourd
2298,Kundree
2298,Tindora
2298,Tindori
2298,Pepasan
2298,Little Gourd
2298,Kanduri
2300,Ho-no-ki
2300,Japanese Whitebark Magnolia
592,Magnolia-Bark
2301,Chinabark
2301,Ledgerbark
2301,Quinine
2301,Yellow Cinchona
2301,Yellowbark
2302,Lojabark
2302,Quinine
2303,Quinine
2303,Red Cinchona
2303,Red Peruvian-Bark
2303,Redbark
2304,Quinine
2305,American Filbert
2305,American Hazel
314,European Filbert
314,European Hazel
314,Hazel
314,Cobnut
1060,Asparagus Bean
1060,Yardlong Bean
2306,Cowpea
2306,Black-eyed Pea
2306,Crowder Pea
2306,Southern Pea
2310,Chinese Rice Flower
2313,Japanese Aucuba
2313,Japanese Laurel
2313,Spotted Laurel
2178,False Boldo
786,Heal-All
2319,Creeping Barberry
2319,Oregon Barberry
2319,Oregon Grape-Holly
2319,Oregon Grape
2320,Creeping Barberry
2320,Oregon Barberry
2320,Oregon Grape-Holly
2320,Oregon Grape
2321,Blue Barberry
2321,Holly Barberry
2321,Holly Mahonia
2321,Mountain Grape
2321,Oregon Grape
156,Brazilnut-Tree
156,Creamnut
156,Paranut
719,Dwarf Bean
719,Field Bean
719,Flageolet Bean
719,French Bean
719,Kidney Bean
719,Navy Bean
719,Pop Bean
719,Popping Bean
719,Snap Bean
719,Wax Bean
719,Haricot Vert
719,Haricot
2327,Shrubby Sophora
2327,Ku Shen
2328,Formosa Koa
989,Aztec Marigold
2329,Marigold
2330,Sweet-Mace
2330,Sweet-Scent Marigold
2330,Sweet-Scent Mexican Marigold
2330,Anise Marigold
990,Aztec Marigold
990,Dwarf Marigold
990,Mexican Marigold
990,Muster John Henry
990,Stinking-Roger
2331,Marigold
476,Zhi Xie Mu
476,Conessi
476,Kurchi
2332,Garden Myrrh
2332,Myrrh
2332,Sweet Chervil
2332,Sweet Cicely
2332,Cicely
641,Noni
2333,Japanese Cryptotaenia
2333,Japanese Honewort
2333,Mitsuba
2333,Ya Er Qin
2333,Stone Parsley
2206,Vanilla Grass
2206,Seneca Grass
2206,Manna Grass
2206,Holy Grass
2334,Carolina Vanilla
2334,Deer's Tongue
2334,Hound's Tongue
2334,Vanilla Plant
593,Blue Barberry
593,Holly Barberry
593,Holly Mahonia
593,Mountain Grape
2340,Japanese Ashberry
2340,Hiiragi-Nanten
2341,Oregon Barberry
2341,Oregon Grape-Holly
2341,Oregon Grape
2341,Water Holly
2345,Lemon Bush
2345,Umsuzwane (Zulu)
2352,California Chia
2352,Chia
2357,White Sage
149,Yage
149,Soul Vine
149,Spirit Vine
523,Curia
772,Giant Knotweed
772,Mexican Bamboo
772,Hu-Zhang
547,Jamaica-Mignonette
547,Mignonette Tree
2359,African Caper
524,Galanga
528,Calico Bush
528,Spoonwood
2360,Cow Parsnip
2360,Hogweed
2360,Meadow Parsnip
276,Bitter Orange
3,Musk Okra
3,Tropical Jewel Hibiscus
3,Muskmallow
7,Coral Beadplant
7,Indian Licorice
7,Licorice Vine
7,Love Bean
7,Lucky Bean
7,Minnie-Minnies
7,Prayer Beads
7,Precatory Bean
7,Red Beadvine
7,Rosary Pea
7,Weatherplant
7,Weathervine
7,Jequirity Bean
2166,Indian Ipecac
2361,East Indian Walnut
2361,Siris Tree
2361,Frywood
2361,Koko
2361,Lebbek
2361,Lebbek Tree
2361,Women's-Tongue Tree
10,Sweet Acacia
10,Opopanax
10,Popinac
14,Gum Arabic Tree
14,Kher
14,Senegal Gum
14,Sudan Gum Arabic
16,Copperleaf
16,Indian Nettle
16,Three-Seeded-Mercury
18,Milfoil
24,Aconite
24,Bear's-Foot
24,Blue Rocket
24,Friar's Cap
24,Garden Monkshood
24,Garden Wolfsbane
24,Helmet Flower
24,Queen's Fettle
24,Soldier's Cap
24,Turk's Cap
25,Calamus
25,Flagroot
25,Myrtle Flag
25,Sweet Calamus
25,Sweetroot
26,Doll's-Eyes
26,White Baneberry
26,White Cohosh
26,Baneberry
39,Sisal
39,Hemp Plant
39,Sisal Agave
39,Sisal Hemp
41,Cockle
41,Corn-Campion
41,Corn-Pink
43,Bugleweed
43,Blue Bugle
43,Bugleherb
43,Common Bugle
47,Agueroot
47,Crow Corn
47,Mealy Star Grass
47,Mealy Starwort
49,Candleberry
49,Candlenut Tree
49,Indian Walnut
49,Lumbangtree
49,Varnishtree
308,Chinese Parsley
308,Cilantro
741,West Indian Bay
740,Pimento
755,White Pepper
205,Caperbush
986,Clovetree
53,Shallot
60,Languas
2362,Round Cardamom
2362,Chester Cardamom
2362,Siam Cardamom
2362,Java Cardamom
159,Annato
159,Lipsticktree
244,Locust Bean
2363,Crepe Ginger
2363,Wild Ginger
2363,Cane Reed
992,Indian Tamarind
369,Dutch Tonka Bean
166,Beebread
166,Beeplant
166,Talewort
2364,Common Reed
2364,Ditch Reed
2364,Giant Reed
2364,Reed Grass
332,Temu Lawak
337,Lemongrass
438,Gentian
450,Licorice-Root
612,Bee Balm
1435,Benzolive Tree
1435,Moringa
1435,West Indian Ben
1044,Bourbon Vanilla
621,Bog Myrtle
621,Marsh Clover
621,Marsh Trefoil
621,Water Trefoil
159,Lipstick Pod
159,Bija
159,Annoto
159,Arnato
2365,Sangre de Drago
2365,Sangre de Grado
2365,Sangre de Dragon
2365,Dragons Blood
2366,Benjamin Bush
2366,Spicebush
2366,Wild Allspice
2366,Fieberstrauch (Ger.)
298,African Myrrh
298,Herabol Myrrh
298,Somali Myrrh
298,"Myrrhe (Fr., Ger.)"
298,Mirra (Sp. It.)
2367,Alligator Pepper
2367,Grains-of-Paradise
2367,Guinea Grains
2367,Melegueta Pepper
2367,Malagettapfeffer (Ger.)
2367,Malagueta (Sp.)
2368,Spiny Restharrow
2368,Restharrow
2368,Hauhechel (Ger.)
2369,Japanese Horseradish
2369,Wasabi
474,Indian Sorrel
474,Jamaica Sorrel
474,Kharkadi
474,Red Sorrel
474,Sorrel
474,Malventee (Ger.)
474,Rosella (Ger.)
474,Acedera de Guinea (Sp.)
474,Rosa de Jamaica (Sp.)
474,Sereni (Sp.)
1435,Jacinto (Sp.)
652,Myrte (Ger.)
652,Arrayan (Sp.)
652,Mirto (Sp.)
265,Cassia Bark
265,Cassia Lignea
265,Chinese Cassia
265,Chinese Cinnamon
265,China Junk Cassia
265,Saigon Cinnamon
265,Zimtcassie (Ger.)
265,Canela de la China (Sp.)
265,Canelero chino (Sp.)
265,Chinazimt (Ger.)
265,Chinesischer Zimtbaum (Ger.)
265,Kashia-Keihi (Jap.)
265,Canelle de Cochinchine (Fr.)
265,Cannelier Casse (Fr.)
265,Cannelier de Chine (Fr.)
649,Muskatnussbaum (Ger.)
649,nogal moscado (Sp.)
649,nuez moscada (Sp.)
1023,Bockshornklee (Ger.)
1023,Alholva (Sp.)
751,Hierba Santa
751,Hoja Santa
1410,Curry Leaf
1410,Indian Curry Tree
757,Chios Mastictree
757,Mastictree
757,Mastixbaum (Ger.)
757,Lentisco (Sp.)
928,Beni
928,Ajonjoli (Sp.)
928,Sesamo (Sp.)
497,Chinese Star Anise
497,Chinesischer Sternanis (Ger.)
497,Sternanis (Ger.)
497,anis de China (Sp.)
497,anis estrellado (Sp.)
433,Checkerberry
433,Creeping Wintergreen
433,Mountain Tea
433,Wintergrun (Ger.)
413,Devil's Dung
413,Stinkasant (Ger.)
413,Asafetida (Sp.)
390,Cilantro
390,False Coriander
390,Shadow-Beni
390,Stinkweed
390,Stinkdistel (Ger.)
330,Frost Flower
330,Frost Mint
330,Maryland Dittany
330,American Dittany
330,Stone Mint
330,Dittany
288,Coconut Palm
288,Copra
288,Nariyal
288,Kokospalme (Ger.)
288,Cocotero (Sp.)
211,Carum
211,Kummel (Ger.)
211,Comino (Sp.)
211,Comino de prado (Sp.)
2370,Ethiopian Pepper
2370,Guinea Pepper
2370,Negro Pepper
2370,Spice Tree
2370,Mohrenpfeffer (Ger.)
2370,Maniguete (Sp.)
2370,Pimienta de Guinea (Sp.)
667,Cuban Basil
168,Olibanum Tree
168,Weihrauchbaum (Ger.)
168,Weihrauchpflanze (Ger.)
168,arbol del incensio (Sp.)
168,Oliban (Sp.)
690,Moutan Peony
687,Common Garden Peony
687,White Peony
687,Bai Shao (Chinese)
2177,Indian Bdellium-Tree
2132,Indian Bdellium Tree
2371,Camellia
2371,Common Camellia
2371,Rose du Japon (Fr.)
2371,"Camelia (Fr., Port.)"
2371,Kamelie (Ger.)
2371,Tsubaki (Jap.)
2371,Camelia (Sp.)
2371,Japanese Tea
1068,Grapevine
1068,Vigne Vinifere (Fr.)
1068,Weinrebe (Ger.)
1068,Parra (Sp.)
1068,Vid (Sp.)
1335,Luckynut
1335,Yellow Oleander
1335,Oleandre Jaune (Fr.)
1335,Thevetie (Ger.)
1335,Loandro-Amarelo (Port.)
1335,Adelfa Amarilla (Sp.)
1335,Cabalonga (Sp.)
1335,Chirca (Sp.)
807,Grenadier (Fr.)
807,Granatapfelbaum (Ger.)
807,Granatapfelstrauch (Ger.)
807,Zakuro (Jap.)
807,Romanzeiro (Port.)
807,Granado (Sp.)
807,Mangrano (Sp.)
402,Du Zhong
402,Gutta-Percha Tree
2372,American Beauty Berry
2372,Beauty Berry
2372,French Mulberry
1148,Chrysanthemum
1148,Florist's Chrysanthemum
1148,Mum
1148,Ju Hua (Pinyin)
431,Zhi Zi
431,Jasmin
431,Cape Jasmine
378,Ci wu jia (Pinyin)
153,Blackberry Lily
153,Shenan
153,Iris Tigre (Fr.)
153,Leopardenblume (Ger.)
153,Maravilla (Sp.)
153,Mariposa (Sp.)
575,Chinese Boxthorn
575,Chinese Matrimony Vine
575,Chinese Wolfberry
575,Gou Qi (Chin.)
575,Lyciet de Chine (Fr.)
575,Chinesischer Bocksdorn (Ger.)
575,Daun Koki (Indones.)
575,Spina Santa Cinese (Ital.)
575,Kuko (Jap.)
575,Kaukichai (Malays.)
2373,Barbary Matrimony Vine
2373,Ning Xia Gou Qi (Chin.)
2373,Matrimony Vine
2373,Common Matrimony Vine
2373,Duke of Argyll's Eta Tree
2374,Chilean Wolfberry
161,Chinese Ground Orchid
161,Hyacinth Bletilla
161,Dai Chi (Chin.)
161,Shiran (Jap.)
161,Bletilla
161,Hardy Orchid
2375,Carnation
2375,Clove Pink
2375,Oeillet (Fr.)
2375,Nelke (Ger.)
2375,Clavel (Sp.)
2376,Sweet William
2377,Chinese Pink
2377,Japanese Pink
2377,Rainbow Pink
2377,Sekichiku (Jap.)
1585,Rose Of Sharon
1585,Shrub Althaea
1585,Hachisu (Jap.)
1585,Mukuge (Jap.)
2380,Heavenly Bamboo
2380,Sacred Bamboo
2380,Southern Heaven Bamboo
2380,Nanten (Jap.)
417,Figuier Commun (Fr.)
417,Echte Feige (Ger.)
417,Feigenbaum (Ger.)
417,Fico (Ital.)
417,Figueira (Port.)
417,Higo (Sp.)
417,Higuera Comun (Sp.)
2381,Sicilian Sumac
2381,Sumac
2381,Tanner's Sumac
120,Annual Mugwort (GRIN)
120,Annual Wormwood (GRIN)
120,Sweet Wormwood (GRIN)
147,Soapberry Tree
147,dattier du desert (Fr.)
147,dattier sauvage (Fr.)
147,heglik (Fr.)
147,Zachunbaum (Ger.)
147,betu (India)
147,hingotia (India)
147,lalo (India)
147,zachun (India)
147,mirobalano de Egipto (Sp.)
2382,Achnef (Berber; BOU)
2382,Garden Rocket (Eng.; USN)
2382,Rocket Salad (Eng.; USN)
2382,Rugula (Eng.; USN)
2382,Salad Rocket (Eng.; USN)
2382,Roquette (Eng.; Fr.; BOU)
2382,Olrauke (Ger.; USN)
2382,Ruke (Ger.; USN)
2382,Senfrauke (Ger.; USN)
2382,Jamba (India)
2382,Taramira (India; Nwp.)
2382,Rucola (It.; Malta; Sp.)
2382,Rabano silvestre (It.; Port.;)
2382,Oruga comun (Sp.; USN)
2382,Roqueta (Sp.; USN)
2382,Ackerrauke (Ger.; MAD)
2382,Ai'afein (Arab.; BOU)
2382,Ai'sha (Arab.; BOU)
2382,Aruca (Malta; KAB)
2382,Arugula (Eng.; FAC; USN)
2382,Assu (Punjab; SKJ)
2382,Baglet (Arab.; BOU)
2382,Bhutaghna (Sansk.; SKJ)
2382,Bimbata (Sansk.; KAB)
2382,Bou kahli (Arab.; BOU)
2382,Chara (Kumaon; DEP)
2382,Daradharsha (Sansk.; KAB)
2382,Djerdjir (Arab.; BOU)
2382,Dua (Kumaon; DEP)
2382,Duan (Nwp; KAB)
2382,Eihukan (Iran; NAD)
2382,Eruca (Malta; KAB)
2382,Euzomon (Greece; EB54:155)
2382,Gargir (Arab.; Hebrew; BOU)
2382,Gery (Arab.; BOU)
2382,Grahagna (Sansk.; KAB)
2382,Horf (Arab.; BOU)
2382,Izgin (Turkey; EB54:155)
2382,Jambeh (Iran; DEP; KAB)
2382,Jambeho (Sind.; KAB)
2382,Jambho (Sind.; DEP)
2382,Jamnia (Punjab; DEP)
2382,Kadamba (Sansk.; KAB)
2382,Kadambaka (Sansk.; KAB)
2382,Kerkas (Arab.; BOU)
2382,Kibana suzushiro (Jap.; TAN)
2382,Lalu (Nwp.; KAB)
2382,Lamba (India; USN)
2382,Mandao (Afg.; DEP; KAB)
2382,Mulai (Loralai; KAB)
2382,Oroth (Bible; EB52:394)
2382,Piao erh ts'ai (Chi.; TAN)
2382,Rajakshavaka (Sansk.; KAB)
2382,Rajika (Sansk.; KAB)
2382,Rakshitaphala (Sansk.; KAB)
2382,Rawk (Arab.; BOU)
2382,Rocket (Eng.; BOU)
2382,Roquette cultivee (Fr.; KAB)
2382,Roquette des jardins (Fr.;KAB)
2382,Roquette vraie (Fr.; BOU)
2382,Rouka (Arab.; BOU)
2382,Ruca (Catalan; KAB)
2382,Rucheta (Malta; KAB)
2382,Sahwan (Nwp.; KAB)
2382,Sarishapa (Sansk.; KAB)
2382,Sarshapa (Sansk.; KAB)
2382,Sfed sarson (Hindi; MPI)
2382,Shiltam (Arab.; BOU)
2382,Shwetsursha (Bengal; SKJ)
2382,Siddartha (Sansk.; DEP; SKJ)
2382,Sidhaprayojana (Sansk.; KAB)
2382,Sidharta (Sansk.; KAB)
2382,Suffed shorshi (Bengal; DEP)
2382,Tanakfail (Berber; BOU)
2382,Tantubha (Sansk.; KAB)
2382,Tantuka (Sansk.; KAB)
2382,Tara (Nwp.; Punjab; KAB; SKJ)
2382,Thorfel (Berber; BOU)
2382,Tira (Nwp.; DEP; KAB)
2382,Tuverika (Sansk.; KAB)
2382,Ugragandha (Sansk.; KAB)
2383,American-ivy
2383,Five-leaf-ivy
2383,Virginia-creeper
2383,Woodbine
2383,Amerika-zuta (Jap.)
413,test
1241,Camo Camo (Peru)
1241,Araza de Agua (Sp.)
1241,Camu-camu Negro (Peru)
1241,Guapuro Blanco (Bol.)
2388,Maca
2388,Peruvian Ginseng