FNFNUM,GENUS,SPECIES
1,Abelmoschus,esculentus
2,Abelmoschus,manihot
3,Abelmoschus,moschatus
4,Abies,alba
5,Abies,balsamea
6,Abies,sachalinensis
7,Abrus,precatorius
8,Acacia,catechu
9,Acacia,decurrens
10,Acacia,farnesiana
1439,Acacia,lenticularis
11,Acacia,leucophloea
12,Acacia,melanoxylon
1440,Acacia,modesta
13,Acacia,nilotica
14,Acacia,senegal
15,Acacia,tortilis
16,Acalypha,indica
17,Acanthopanax,gracilistylis
1288,Acanthospermum,hispidum
1443,Acanthus,ilicifolius
18,Achillea,millefolium
19,Achillea,moschata
20,Achyranthes,aspera
21,Achyranthes,bidentata
1414,Acinos,alpinus
1973,Acinos,sp
1981,Acinos,suaveolens
1441,Acinos,thymoides
22,Acokanthera,schimperi
23,Aconitum,carmichaelii
24,Aconitum,napellus
25,Acorus,calamus
1269,Acrocomia,totai
1442,Acrotrema,arnottianum
1159,Acrotrema,uniflorum
26,Actaea,pachypoda
27,Actaea,rubra
28,Actaea,spicata
29,Actinidia,chinensis
30,Actinidia,polygama
1692,Adansonia,digitata
1826,Adenocarpus,complicatus
1827,Adenocarpus,decorticans
1828,Adenocarpus,foliolosus
31,Adiantum,capillus-veneris
32,Adiantum,pedatum
33,Adonis,vernalis
1212,Aegle,marmelos
1974,Aeolanthus,myriantha
1444,Aerva,lanata
34,Aesculus,hippocastanum
35,Aethusa,cynapium
1975,Agastache,foeniculum
1976,Agastache,nepetoides
1977,Agastache,pallidiflora
1978,Agastache,rugosa
36,Agastache,urticifolia
37,Agathosma,betulina
38,Agave,americana
39,Agave,sisalana
1289,Ageratum,conyzoides
1290,Aglaonema,commutatum
40,Agrimonia,eupatoria
41,Agrostemma,githago
1693,Agrostistachys,hookeri
42,Ailanthus,altissima
1694,Ailanthus,grandis
1979,Ajuga,bracteosa
1980,Ajuga,chamaepitys
1982,Ajuga,iva
1984,Ajuga,remota
43,Ajuga,reptans
1162,Akania,luceus
44,Akebia,quinata
1160,Alangium,lamarckii
45,Albizia,julibrissin
1829,Albizia,procera
46,Alchornea,floribunda
47,Aletris,farinosa
48,Aleurites,fordii
49,Aleurites,moluccana
1695,Aleurites,montana
50,Alisma,plantago-aquatica
51,Alliaria,petiolata
52,Allium,ampeloprasum
53,Allium,cepa
54,Allium,sativum var. sativum
55,Allium,schoenoprasum
1445,Alnus,crispa
56,Alnus,glutinosa
1446,Alnus,maximowiczii
1447,Alnus,nepalensis
1448,Alnus,rubra
1449,Alnus,rugosa
57,Alocasia,macrorrhiza
58,Aloe,vera
59,Aloysia,citrodora
1450,Alphitonia,excelsa
1551,Alphitonia,macrocarpa
1452,Alphitonia,petriei
1453,Alphitonia,whitei
60,Alpinia,galanga
61,Alpinia,officinarum
1454,Alstonia,scholaris
62,Althaea,officinalis
1161,Alyxia,buxifolia
1455,Alyxia,levinei
1456,Amanoa,oblongifolia
63,Amaranthus,sp.
1291,Amaranthus,spinosus
1292,Ambrosia,artemisiifolia
1293,Ambrosia,cumanenesis
1696,Ammannia,baccifera
64,Ammi,majus
65,Ammi,visnaga
66,Amomum,xanthioides
1457,Amoora,canarana
67,Amorphophallus,campanulatus
68,Amorphophallus,konjac
1458,Ampelozizyphus,amazonicus
1270,Amphicarpaea,bracteata
1830,Amphicarpaea,edgworthii
1697,Amsonia,grandiflora
69,Anabasis,aphylla
70,Anacardium,occidentale
71,Anadenanthera,colubrina
72,Anadenanthera,peregrina
73,Anamirta,cocculus
74,Ananas,comosus
75,Anaphalis,margaritacea
76,Anastatica,hierochuntica
77,Andira,araroba
78,Andira,inermis
79,Andrographis,paniculata
80,Anemarrhena,asphodeloides
1698,Anemone,narcissiflora
82,Anemone,pulsatilla
83,Anethum,graveolens
84,Angelica,archangelica
85,Angelica,dahurica
86,Angelica,laxiflora
87,Angelica,sinensis
88,Aniba,rosaeodora
1985,Anisochilus,carnosus
89,Anisodus,tanguticus
1986,Anisomeles,indica
1194,Anisomeles,malabarica
90,Annona,cherimola
1213,Annona,diversifolia
1097,Annona,glabra
1098,Annona,montana
91,Annona,muricata
92,Annona,reticulata
93,Annona,squamosa
94,Anogeissus,latifolia
1294,Anredera,baselloides
95,Anthriscus,cerefolium
1831,Apios,americana
96,Apium,graveolens
97,Apocynum,androsaemifolium
98,Apocynum,cannabinum
99,Aquilaria,agallocha
100,Aquilegia,vulgaris
101,Arachis,hypogaea
102,Aralia,cordata
1296,Araucaria,bidwillii
1183,Arbutus,menziesii
103,Arbutus,unedo
104,Arctium,lappa
105,Arctostaphylos,uva-ursi
106,Ardisia,japonica
107,Areca,catechu
1295,Arecastrum,romanzoffianum
108,Argemone,mexicana
109,Argyreia,nervosa
110,Argyreia,speciosa
1832,Argyrocytisus,battandieri
111,Arisaema,consanguineum
112,Arisaema,triphyllum
113,Aristolochia,debilis
114,Aristolochia,serpentaria
115,Armoracia,rusticana
116,Arnica,montana
117,Arracacia,xanthorrhiza
118,Artemisia,abrotanum
119,Artemisia,absinthium
120,Artemisia,annua
121,Artemisia,capillaris
122,Artemisia,cina
123,Artemisia,dracunculus
124,Artemisia,herba-alba
125,Artemisia,maritima
126,Artemisia,pallens
5001,Artemisia,salsoloides
127,Artemisia,vulgaris
128,Artocarpus,altilis
129,Artocarpus,heterophyllus
1459,Artocarpus,integrifolia
130,Arundo,donax
131,Asarum,canadense
132,Asclepias,syriaca
134,Asiasarum,sieboldii
135,Asimina,triloba
136,Asparagus,lucidus
137,Asparagus,officinalis
1699,Aspidixia,angulata
138,Aspidosperma,quebracho-blanco
139,Astragalus,gummifer
140,Astragalus,membranaceus
1460,Atractylis,carduus
141,Atractylodes,lancea
142,Atractylodes,ovata
143,Atropa,bella-donna
144,Avena,sativa
1214,Averrhoa,bilimbi
1207,Averrhoa,carambola
1461,Avicennia,alba
1163,Avicennia,marina
1462,Avicennia,officinalis
1463,Avicennia,tomentosa
146,Azadirachta,indica
1215,Bactris,gasipaes
147,Balanites,aegyptiacus
1164,Balanops,australiana
148,Ballota,nigra
149,Banisteriopsis,caapi
1833,Baptisia,hirsuta
1834,Baptisia,sp
1835,Baptisia,sphaerocarpa
150,Baptisia,tinctoria
151,Barosma,betulina
152,Basella,alba
1700,Bauhinia,vahlii
153,Belamcanda,chinensis
154,Benincasa,hispida
155,Berberis,vulgaris
156,Bertholletia,excelsa
157,Beta,vulgaris
1464,Betula,alba
1465,Betula,alleghaniensis
1466,Betula,caerulea
1746,Betula,caerulea-grandis
1467,Betula,cordifolia
1468,Betula,dahurica
1469,Betula,ermanii
158,Betula,lenta
1470,Betula,maximowicziana
1471,Betula,papyrifera
1165,Betula,pendula
1472,Betula,platyphylla
1473,Betula,populifolia
1474,Betula,sp.
1475,Betula,utilis
2130,Bidens,pilosa
1186,Bischofia,javanica
159,Bixa,orellana
160,Blechnum,orientale
161,Bletilla,striata
162,Blighia,sapida
163,Bocconia,arborea
164,Bocconia,frutescens
1701,Boehmeria,excelsa
165,Boehmeria,nivea
1702,Bonnetia,dinizii
166,Borago,officinalis
167,Boronia,megastigma
168,Boswellia,sacra
2157,Boswellia,serrata
1836,Bowdichia,nitida
1340,Bowdichia,virgilioides
170,Brassica,chinensis
171,Brassica,juncea
172,Brassica,napus var. napobrassica
173,Brassica,nigra
174,Brassica,oleracea var. botrytis l.
176,Brassica,oleracea var. capitata l.
175,Brassica,oleracea var. gemmifera
180,Brassica,oleracea
178,Brassica,oleracea var. viridis l.
181,Brassica,pekinensis
183,Brassica,rapa
182,Brassica,rapa
184,Bromelia,pinguin
1216,Brosimum,alicastrum
185,Broussonetia,papyrifera
623,Brugmansia,amesianum
1476,Bruguiera,gymnorrhiza
186,Brunfelsia,uniflorus
187,Bryonia,alba
188,Bupleurum,chinense
1477,Bupleurum,salicifolium
189,Bursera,delpechiana
190,Bursera,simaruba
1478,Buxus,microphylla
191,Buxus,sempervirens
1703,Buxus,wallichiana
1217,Byrsonima,crassifolia
1704,Byrsonima,sericea
1705,Caesalpinia,decapetala
192,Caesalpinia,pulcherrima
193,Cajanus,cajan
1837,Cajanus,scarabaeoides
194,Caladium,bicolor
1341,Calamintha,nepeta
1987,Calamintha,nepeta
1209,Calathea,allouia
1210,Calathea,macrosepala
195,Calea,zacatechichi
196,Calendula,officinalis
1838,Calicotome,spinosa
1839,Calicotome,villosa
1706,Callicarpa,arborea
1479,Callistemon,lanceolatus
1188,Calophyllum,apetalum
1189,Calophyllum,bracteatum
1707,Calophyllum,lankaensis
1708,Calophyllum,macrocarpum
1709,Calophyllum,tomentosum
1840,Calopogonium,caeruleum
197,Calotropis,sp.
198,Camellia,sinensis
1841,Camptosema,sp
199,Camptotheca,acuminata
200,Cananga,odorata
201,Canarium,indicum
1480,Canavalia,bonariensis
202,Canavalia,ensiformis
1842,Canavalia,eurycarpa
1843,Canavalia,galeata
1844,Canavalia,gladiata
1845,Canavalia,rosea
1846,Canavalia,sericea
1847,Canavalia,virosa
203,Canna,indica
204,Cannabis,sativa
205,Capparis,spinosa
206,Capsella,bursa-pastoris
207,Capsicum,annuum
208,Capsicum,frutescens
1190,Caraipa,densiflora
1481,Caraipa,densifolia
1191,Caraipa,grandifolia
1211,Carapa,guianensis
1482,Careya,arborea
209,Carica,papaya
1218,Carica,pentagona
1483,Carlina,corymbosa
210,Carthamus,tinctorius
211,Carum,carvi
212,Carya,glabra
213,Carya,illinoensis
214,Carya,ovata
1219,Casimiroa,edulis
1147,Cassia,angustifolia
215,Cassia,grandis
216,Cassia,marilandica
1710,Cassia,obtusifolia
1484,Cassia,siamea
217,Cassia,tora
1711,Cassinia,laevis
1485,Cassinia,uncata
218,Castanea,dentata
219,Castanea,mollisima
220,Castanea,sativa
1486,Castanopsis,concinna
1487,Castanopsis,eyrei
1488,Castanopsis,lamontii
221,Castanospermum,australe
1297,Catalpa,bignonioides
1298,Catalpa,longissima
222,Catalpa,ovata
223,Catha,edulis
224,Catharanthus,lanceus
1967,Catharanthus,longifolius
225,Catharanthus,roseus
226,Caulophyllum,thalictroides
1423,Ceanothus,americanus
1712,Ceanothus,velutinus
227,Cedrela,odorata
228,Cedrus,deodora
229,Cedrus,libani
1204,Ceiba,pentandra
230,Celosia,cristata
231,Cenchrus,biflorus
232,Centaurea,calcitrapa
233,Centaurea,cyanus
234,Centaurium,erythraea
235,Centella,asiatica
1848,Centrosema,pascuorum
1849,Centrosema,plumieri
1850,Centrosema,sagittatum
1851,Centrosema,schiedianum
236,Cephaelis,ipecacuanha
237,Cephalotaxus,drupacea
238,Cephalotaxus,fortunei
239,Cephalotaxus,hainanensis
240,Cephalotaxus,harringtonii
241,Cephalotaxus,mannii
242,Cephalotaxus,spp
243,Cephalotaxus,wilsoniana
244,Ceratonia,siliqua
1489,Ceriops,decandra
245,Chaenomeles,lagenaria
1412,Chaenomeles,speciosa
1713,Chamaecrista,greggii
1852,Chamaecytisus,albus
1853,Chamaecytisus,eriocarpus
1854,Chamaecytisus,hirsutus
1855,Chamaecytisus,ratisbonensis
1856,Chamaecytisus,smyrnaeus
1857,Chamaecytisus,supinus
2128,Chamaelirium,luteum
246,Chamaemelum,nobile
1858,Chamaespartium,sagittale
1859,Chamaespartium,tridentatum
247,Chamaesyce,hypericifolia
1299,Chamissoa,altissima
248,Chelidonium,majus
249,Chenopodium,album
250,Chenopodium,ambrosioides
2129,Chenopodium,quinoa
251,Chimaphila,umbellata
1300,Chiococca,alba
252,Chondrodendron,tomentosum
253,Chondrus,crispus
1860,Chronanthus,biflorus
254,Chrysanthemum,balsamita
255,Chrysanthemum,cinerariifolium
256,Chrysanthemum,coronarium
1148,Chrysanthemum,x morifolium
257,Chrysanthemum,parthenium
1220,Chrysobalanus,icaco
1221,Chrysophyllum,cainito
258,Cicer,arietinum
259,Cichorium,endivia
260,Cichorium,intybus
261,Cicuta,maculata
262,Cimicifuga,dahurica
263,Cimicifuga,racemosa
264,Cinchona,spp
265,Cinnamomum,aromaticum
266,Cinnamomum,burmannii
267,Cinnamomum,camphora
1344,Cinnamomum,glaucescens
1345,Cinnamomum,impressicostatum
1346,Cinnamomum,iners
1347,Cinnamomum,javanicum
1348,Cinnamomum,mollissimum
1349,Cinnamomum,porrectum
1350,Cinnamomum,pubescens
268,Cinnamomum,sieboldii
1413,Cinnamomum,sulphuratum
269,Cinnamomum,verum
270,Cissampelos,pareira
1301,Cissus,verticillata
271,Cistanche,salsa
272,Cistus,ladaniferus
1490,Cistus,laurifolius
1351,Citharexylum,subserratum
273,Citrullus,colocynthis
274,Citrullus,lanatus
275,Citrus,aurantiifolia
1352,Citrus,aurantium
276,Citrus,aurantium
1140,Citrus,ichangensis
1142,Citrus,junos
2156,Citrus,limetta
279,Citrus,limon
280,Citrus,medica
1141,Citrus,meyerii
1222,Citrus,mitis
283,Citrus,paradisi
281,Citrus,reticulata
282,Citrus,sinensis
1353,Citrus,sphaerocarpa
1143,Citrus,spp
1354,Citrus,sudachi
1144,Citrus,unshiu
1714,Claoxylon,polot
5102,Cleistocalyx,fullageri
284,Clematis,vitalba
1988,Cleonia,lusitanica
1491,Clerodendrum,inerme
1492,Clinacanthus,nutans
1355,Clinopodium,umbrosum
1493,Clinopodium,vulgare
1861,Clitoria,falcata
1862,Clitoria,ternatea
1715,Clusia,arboricida
1192,Clusia,sp.
285,Cnicus,benedictus
286,Cnidium,officinale
287,Cnidoscolus,chayamansa
1716,Coccoloba,excoriata
288,Cocos,nucifera
289,Coffea,arabica
290,Coix,lacryma-jobi
291,Cola,acuminata
292,Colchicum,autumnale
293,Coleus,barbatus
295,Coleus,blumei
294,Coleus,forskohlii
1990,Coleus,ignarius
296,Collinsonia,canadensis
297,Colocasia,esculenta
1863,Cologana,broussonetii
1302,Colubrina,arborescens
1717,Colubrina,granulosa
1303,Colubrina,texensis
1718,Combretum,imberbe
1283,Commelina,benghalensis
1284,Commelina,communis
2132,Commiphora,mukul
298,Commiphora,myrrha
1494,Comptonia,peregrina
299,Conium,maculatum
300,Consolida,ajacis
301,Convallaria,majalis
302,Conyza,canadensis
303,Copaifera,spp
304,Coptis,chinensis
305,Coptis,japonica
306,Coptis,spp
307,Corchorus,olitorius
308,Coriandrum,sativum
309,Coriaria,myrtifolia
310,Coriaria,thymifolia
1991,Coridothymus,capitatus
1495,Cornus,capitata
311,Cornus,florida
1719,Cornus,macrophylla
312,Cornus,officinalis
313,Corydalis,spp
314,Corylus,avellana
1720,Cotylelobium,scabriusculum
1356,Coutarea,latiflora
315,Crataegus,cuneata
316,Crataegus,laevigata
1721,Crateva,religiosa
1722,Crateva,tapia
318,Crocus,sativus
319,Crotalaria,juncea
320,Crotalaria,retusa
1723,Crotalaria,semperflorens
321,Croton,eluteria
1305,Croton,linearis
1497,Croton,megalocarpus
322,Croton,tiglium
323,Cryptostegia,grandifolia
324,Cucumis,melo
325,Cucumis,sativus
1208,Cucurbita,foetidissima
326,Cucurbita,maxima
327,Cucurbita,pepo
328,Cucurbita,spp
329,Cuminum,cyminum
330,Cunila,origanoides
1724,Cuphea,carthagenensis
1725,Cuphea,epilobifolia
1726,Cuphea,infundibulum
1727,Curatella,americana
331,Curcuma,longa
332,Curcuma,xanthorrhiza
333,Curcuma,zedoaria
1306,Cuscuta,europaea
1307,Cuscuta,reflexa
334,Cycas,revoluta
335,Cyclanthera,pedata
336,Cydonia,oblonga
337,Cymbopogon,citratus
338,Cymbopogon,flexuosus
339,Cymbopogon,martinii
340,Cymbopogon,nardus
341,Cymbopogon,parkeri
342,Cymbopogon,winterianus
343,Cynanchum,atratum
344,Cynara,cardunculus
1357,Cyperus,articulatus
345,Cyperus,rotundus
346,Cyphomandra,betacea
347,Cypripedium,pubescens
348,Cyrtosperma,chamissonis
1864,Cytisus,ardoini
1865,Cytisus,ingramii
1866,Cytisus,multiflorus
1867,Cytisus,patens
349,Cytisus,scoparius
1868,Cytisus,sp
1869,Cytisus,striatus
1870,Cytisus,tribracteolatus
350,Daemonorops,draco
1871,Dalbergia,nitidula
1872,Dalbergia,paniculata
1498,Dalbergia,sericea
351,Daphne,genkwa
352,Daphne,mezereum
353,Datura,candida
354,Datura,innoxia
355,Datura,metel
356,Datura,stramonium
357,Daucus,carota
1358,Davilla,rugosa
1359,Davilla,sp.
358,Dendrobium,nobile
1728,Dendroseris,neriifolia
1499,Derris,trifoliata
1873,Desmodium,gangeticum
1500,Desmodium,pulchellum
1729,Dichrostachys,glomerata
1501,Dicliptera,roxburghiana
1730,Dicoma,tomentosa
359,Dictamnus,albus
1992,Dictamnus,angustifolius
1993,Dictamnus,caucasicus
1994,Dictamnus,hispanicus
360,Dieffenbachia,seguine
361,Digitalis,lanata
1502,Dillenia,anhamanica
1503,Dillenia,aurea
1504,Dillenia,bracteata
1155,Dillenia,indica
1505,Dillenia,pentagyna
1156,Dillenia,retusa
1506,Dillenia,scabrella
1874,Dioclea,glycinoides
1271,Dionaea,muscipula
363,Dioscorea,alata
364,Dioscorea,bulbifera
365,Dioscorea,composita
366,Dioscorea,pentaphylla
367,Dioscorea,sp.
2167,Dioscorea,villosa
1507,Diospyros,abyssinica
1508,Diospyros,argentea
1173,Diospyros,buxifolia
1509,Diospyros,canaliculata
1510,Diospyros,celebica
1511,Diospyros,chevalieri
1512,Diospyros,cinnabarina
1513,Diospyros,consolatae
1514,Diospyros,crassiflora
1515,Diospyros,dendo
1175,Diospyros,derra
1223,Diospyros,digyna
1174,Diospyros,discolour
1516,Diospyros,ebenum
1517,Diospyros,elliptifolia
1518,Diospyros,eriantha
1731,Diospyros,ferrea
1519,Diospyros,fragrans
1520,Diospyros,gabunensis
1521,Diospyros,gracilescens
1732,Diospyros,greenwayi
1176,Diospyros,hirsuta
1522,Diospyros,hoyleana
1523,Diospyros,ismailii
1524,Diospyros,iturensis
1525,Diospyros,japonica
1177,Diospyros,kaki
1526,Diospyros,kamerunensis
1527,Diospyros,leucomelas
1528,Diospyros,longiflora
1178,Diospyros,lotus
1733,Diospyros,mafiensis
1529,Diospyros,maingayi
1530,Diospyros,malanonilau
1531,Diospyros,mannii
1532,Diospyros,maritima
1179,Diospyros,melanoxylon
1533,Diospyros,mespiliformis
1534,Diospyros,mollis
1535,Diospyros,monbuttensis
1536,Diospyros,montana
1537,Diospyros,moonii
1180,Diospyros,morrisiana
1734,Diospyros,natalensis
1538,Diospyros,oblongifolia
1181,Diospyros,perigrina
1539,Diospyros,quaesita
1540,Diospyros,rotundifolia
1541,Diospyros,sanza-minika
1542,Diospyros,siamang
1543,Diospyros,siamensis
1544,Diospyros,siderophylla
1545,Diospyros,singaporensis
1546,Diospyros,spinescens
1547,Diospyros,sumatrana
1548,Diospyros,sylvatica
1549,Diospyros,thwaitesii
1182,Diospyros,tomentosa
1550,Diospyros,undulata
1451,Diospyros,verrucosa
368,Diospyros,virginiana
1552,Diospyros,walkeri
1553,Diospyros,wallichii
1875,Dipogon,lignosus
1555,Dipterocarpus,glandulosus
1172,Dipterocarpus,hispidus
1556,Dipterocarpus,insignis
1557,Dipterocarpus,zeylanicus
369,Dipteryx,odorata
1424,Discaria,longispina
370,Dodonaea,viscosa
1876,Dolichos,biflorus
1360,Dracocephalum,moldavica
629,Dracocephalum,parviflora
630,Dracocephalum,thymiflora
371,Drimys,winteri
372,Drynaria,fortunei
373,Dryopteris,filix-mas
1558,Duboisia,leichhardtii
374,Duboisia,myoporoides
1877,Dunbaria,villosa
375,Duranta,repens
1224,Durio,zibethinus
2125,Echinacea,angustifolia
2126,Echinacea,pallida
2127,Echinacea,purpurea
376,Echinacea,spp
1735,Echinops,echinatus
1736,Echinops,niveus
1878,Echinospartium,horridum
1559,Ehretia,laevis
1152,Elaeaegnus,oldhami
1150,Elaeagnus,angustifolia
1151,Elaeagnus,commutata
1153,Elaeagnus,pungens
1154,Elaeagnus,umbellatus
1267,Elaeis,guineensis
1268,Elaeis,oleifera
1308,Eleocharis,dulcis
377,Elettaria,cardamomum
378,Eleutherococcus,senticosus
1361,Elsholtzia,blanda
1995,Elsholtzia,ciliata
1996,Elsholtzia,cristata
1997,Elsholtzia,densa
1998,Elsholtzia,eriostachya
1999,Elsholtzia,incisa
2074,Elsholtzia,nipponica
2000,Elsholtzia,patrini
2001,Elsholtzia,pilosa
2002,Elsholtzia,polystachya
379,Elytrigia,repens
1362,Emilia,flammea
1737,Enterolobium,cyclocarpum
1363,Eperua,falcata
1364,Eperua,purpurea
380,Ephedra,gerardiana
381,Ephedra,nevadensis
382,Ephedra,sinica
383,Ephedra,spp
1738,Epilobium,rosmarinifolium
384,Equisetum,arvense
385,Equisetum,hyemale
1560,Erica,arborea
1879,Erinacea,anthyllis
386,Eriobotrya,japonica
387,Eriocaulon,sp
388,Eriodictyon,californicum
1880,Eriosema,glomeratum
1881,Eriosema,nutans
1882,Eriosema,psoraleoides
1285,Eryngium,creticus
389,Eryngium,floridanum
390,Eryngium,foetidum
391,Erythrina,berteroana
392,Erythrina,crista-galli
393,Erythrina,fusca
1411,Erythrina,senegalensis
1883,Erythrina,sp
394,Erythrophleum,suaveolens
1739,Erythrospermum,zeylanicum
1102,Erythroxylum,amazonicum
1103,Erythroxylum,areolatum
1104,Erythroxylum,argentatum
1105,Erythroxylum,australe
1106,Erythroxylum,brownianum
1107,Erythroxylum,campestre
1108,Erythroxylum,cataractarum
1109,Erythroxylum,citrifolium
395,Erythroxylum,coca
396,Erythroxylum,coca
1110,Erythroxylum,cumanense
1111,Erythroxylum,deciduum
1112,Erythroxylum,ellipticum
1113,Erythroxylum,fimbriatum
1114,Erythroxylum,glaucum
1115,Erythroxylum,gracilipes
1116,Erythroxylum,hypericifolium
1117,Erythroxylum,impressum
1118,Erythroxylum,incrassatum
1119,Erythroxylum,laurifolium
1120,Erythroxylum,lucidum
1121,Erythroxylum,macrocnemum
1122,Erythroxylum,macrophyllum
1123,Erythroxylum,mamacoca
1124,Erythroxylum,monogynum
1125,Erythroxylum,montanum
1126,Erythroxylum,mucronatum
397,Erythroxylum,novogranatense
398,Erythroxylum,novogranatense
1127,Erythroxylum,ovatum
1128,Erythroxylum,panamense
1129,Erythroxylum,pelleterianum
1130,Erythroxylum,pulchrum
1131,Erythroxylum,recurrens
1132,Erythroxylum,retusum
1133,Erythroxylum,rotundifolium
1134,Erythroxylum,shatoni
1135,Erythroxylum,sp.
1136,Erythroxylum,steyermarkii
1137,Erythroxylum,ulei
1138,Erythroxylum,vacciniifolium
1139,Erythroxylum,zambesiacum
399,Eschscholzia,californica
1365,Eucalyptus,albens
2134,Eucalyptus,angulosa
1366,Eucalyptus,astringens
2106,Eucalyptus,behriana
1367,Eucalyptus,blakelyi
1368,Eucalyptus,bosistoana
1369,Eucalyptus,botryoides
1370,Eucalyptus,brassiana
1371,Eucalyptus,bridgesiana
2136,Eucalyptus,calophylla
1372,Eucalyptus,camaldulensis
2137,Eucalyptus,ceratocorys
400,Eucalyptus,citriodora
1373,Eucalyptus,cladocalyx
2138,Eucalyptus,cornea
2139,Eucalyptus,corynocalyx
2105,Eucalyptus,cuprea
1374,Eucalyptus,dealbata
2113,Eucalyptus,desquamata
1375,Eucalyptus,diversicolor
2140,Eucalyptus,dives
2141,Eucalyptus,dolichorhyncha
2142,Eucalyptus,erythrandra
2116,Eucalyptus,fasiculosa
2143,Eucalyptus,forrestiana
401,Eucalyptus,globulus
2144,Eucalyptus,grandis
2145,Eucalyptus,hemiphloia
2146,Eucalyptus,incrassata
2107,Eucalyptus,intertexta
2110,Eucalyptus,lansdowneana
2104,Eucalyptus,largisparsa
2117,Eucalyptus,leucoxylon
2147,Eucalyptus,macrorrhuncha
1376,Eucalyptus,maculata
1377,Eucalyptus,maideni
2115,Eucalyptus,melanophloia
1378,Eucalyptus,melliodora
1379,Eucalyptus,moluccana
1380,Eucalyptus,nova-anglica
1381,Eucalyptus,occidentalis
2108,Eucalyptus,ochrophloia
2112,Eucalyptus,odorata
1382,Eucalyptus,oviformis
1383,Eucalyptus,paniculata
1384,Eucalyptus,polyanthemos
2102,Eucalyptus,populnea
2111,Eucalyptus,porosa
2148,Eucalyptus,punctata
2149,Eucalyptus,robusta
2150,Eucalyptus,rostratus
1385,Eucalyptus,saligna
1386,Eucalyptus,siderophloia
1387,Eucalyptus,sideroxylon
2151,Eucalyptus,sp
2103,Eucalyptus,sparsa
2152,Eucalyptus,stoatei
1388,Eucalyptus,tereticornis
2153,Eucalyptus,tetraptera
2154,Eucalyptus,viminalis
2114,Eucalyptus,viridis
2155,Eucalyptus,wandoo
1561,Euclea,crispa
1562,Euclea,divinorum
1740,Euclea,natalensis
402,Eucommia,ulmoides
1225,Eugenia,brasiliensis
1242,Eugenia,floribunda
1197,Eugenia,fruticosa
1198,Eugenia,jambolana
1226,Eugenia,uniflora
1199,Eugenia,wallichii
403,Euodia,rutaecarpa
404,Euonymus,atropurpureus
1563,Euonymus,echinatus
1279,Eupatorium,odoratum
405,Eupatorium,perfoliatum
1286,Eupatorium,triplinerve
1564,Euphorbia,broteri
1565,Euphorbia,hermentiana
406,Euphorbia,hirta
407,Euphorbia,lathyris
1566,Euphorbia,paralias
408,Euphorbia,pulcherrima
409,Euphorbia,tirucalli
410,Euphrasia,officinalis
1741,Euptelea,polyandra
1430,Eurya,acuminata
1742,Eurya,japonica
1567,Fagonia,cretica
1568,Fagonia,indica
411,Fagopyrum,esculentum
1743,Fagus,taurica
1227,Feijoa,sellowiana
412,Ferula,alliacea
413,Ferula,assa-foetida
414,Ferula,gummosa
415,Ferula,jaeschkeana
416,Ferula,sumbul
417,Ficus,carica
1744,Ficus,thunbergii
418,Filipendula,ulmaria
419,Firmiana,simplex
1884,Flemingia,strobilifera
1569,Flindersia,pimenteliana
420,Foeniculum,vulgare
1745,Formosia,benthamiana
421,Forsythia,suspensa
1747,Forsythia,viridissima
422,Fragaria,spp
423,Frangula,alnus
1570,Fraxinus,americana
1278,Fraxinus,ornus
424,Fraxinus,rhynchophylla
425,Fritillaria,thunbergii
426,Fucus,vesiculosus
1885,Galactia,jussiaeana
2003,Galeopsis,segetum
427,Galeopsis,tetrahit
428,Galipea,officinalis
429,Galium,odoratum
2161,Ganoderma,lucidum
2123,Garcinia,cambogia
430,Garcinia,hanburyi
1228,Garcinia,mangostana
1571,Garcinia,xanthochymus
431,Gardenia,jasminoides
432,Gastrodia,elata
1099,Gaultheria,fragrantissima
433,Gaultheria,procumbens
1389,Geissospermum,laeve
1390,Geissospermum,vellosii
434,Gelsemium,sempervirens
435,Genipa,americana
1886,Genista,clavata
1887,Genista,germanica
1888,Genista,hispanica
1889,Genista,lydia
1890,Genista,ovata
1891,Genista,patula
1892,Genista,rumelica
1893,Genista,sp
436,Genista,tinctoria
437,Gentiana,acaulis
438,Gentiana,lutea
439,Gentiana,scabra
440,Geranium,maculatum
441,Geranium,thunbergii
1572,Givotia,rottleriformis
443,Glaucium,flavum
444,Glechoma,hederacea
1573,Glechoma,hirsuta
445,Gleditsia,triacanthos
447,Gliricidia,sepium
448,Gloriosa,superba
449,Glycine,max
1894,Glycine,wightii
450,Glycyrrhiza,glabra
1748,Glycyrrhiza,squamulosa
451,Glycyrrhiza,uralensis
1574,Gmelina,arborea
1309,Gnaphalium,viscosum
1749,Gochnatia,blanchetiana
452,Gossypium,sp
1427,Gratifolia,officianalis
1575,Grewia,asiatica
1576,Grewia,bicolor
1577,Grewia,flavescens
1578,Grewia,tenax
1579,Grewia,tiliaefolia
453,Grindelia,squarrosa
454,Guaiacum,sp.
455,Guarea,rusbyi
1200,Guatteria,discolor
1201,Guatteria,scadens
1580,Guazuma,tomentosa
456,Guazuma,ulmifolia
2133,Gymnema,sylvestre
1581,Gymnostachyum,latifolium
1750,Gypsophila,struthium
1310,Haematoxylum,campechianum
457,Hamamelis,virginiana
458,Hamelia,patens
1582,Haplophyton,cimicidum
1895,Hardenbergia,violacea
459,Harpagophytum,procumbens
460,Hedeoma,drummondii
461,Hedeoma,hispida
462,Hedeoma,pulegioides
463,Hedeoma,reverchonii
464,Hedera,helix
1583,Hedyotis,lawsoniae
465,Heimia,salicifolia
466,Helianthus,annuus
467,Helianthus,tuberosus
468,Helichrysum,angustifolium
1584,Helichrysum,bilobum
469,Heliotropium,europaeum
470,Heliotropium,indicus
471,Helleborus,niger
472,Hemidesmus,indicus
473,Hemsleya,amabilis
1272,Heracleum,laciniatum
1751,Herpestis,monniera
1752,Hibiscus,mutabilis
1311,Hibiscus,rosa-sinensis
474,Hibiscus,sabdariffa
1585,Hibiscus,syriacus
1312,Hippeastrum,vittatum
475,Hippomane,mancinella
1149,Hippophae,rhamnoides
1753,Hoffmannia,strigillosa
1586,Holacantha,emoryi
476,Holarrhena,pubescens
1587,Hopea,brevipetiolaris
1588,Hopea,cordifolia
1589,Hopea,jucunda
477,Hordeum,vulgare
478,Hoslundia,opposita
479,Houttuynia,cordata
480,Humulus,lupulus
481,Huperzia,spp
482,Hura,crepitans
483,Hyacinthus,orientalis
1391,Hybanthus,enneasperma
484,Hydnocarpus,anthelminticus
485,Hydnocarpus,kurzii
1187,Hydnocarpus,venenata
486,Hydnocarpus,wightiana
487,Hydrangea,arborescens
488,Hydrangea,paniculata
1590,Hygrophila,auriculata
1229,Hylocereus,guatemalensis
1230,Hylocereus,undatus
1392,Hymenaea,courbaril
1393,Hymenaea,verrucosa
490,Hyoscyamus,niger
1754,Hypericum,androsaemum
1755,Hypericum,elatum
1756,Hypericum,patulum
491,Hypericum,perforatum
1757,Hyptis,albida
492,Hyptis,emoryi
493,Hyptis,spicata
494,Hyptis,suaveolens
1433,Hyptis,verticillata
1591,Hyssopus,ferganensis
1983,Hyssopus,officinalis
495,Hyssopus,officinalis
1592,Hyssopus,seravshanicus
1394,Iberis,amara
496,Ilex,paraguariensis
1593,Ilex,verticillata
497,Illicium,verum
1395,Impatiens,balsamina
498,Indigofera,tinctoria
1231,Inga,edulis
1232,Inga,feuillei
1758,Inga,punctata
1396,Inocarpus,edulis
499,Inula,helenium
500,Ipomoea,aquatica
501,Ipomoea,batatas
502,Ipomoea,purga
503,Ipomoea,violacea
1759,Iris,missouriensis
505,Iris,versicolor
504,Iris,x germanica
506,Isanthus,brachiatus
507,Isatis,tinctoria
1397,Isertia,hypoleuca
1760,Jacaranda,caucana
508,Jasminum,officinale
1761,Jasminum,sambac
509,Jateorhiza,palmata
510,Jatropha,curcas
511,Jatropha,gossypifolia
1398,Jessenia,bataua
512,Juglans,cinerea
513,Juglans,nigra
514,Juglans,regia
515,Juncus,effusus
516,Juniperus,communis
1594,Juniperus,horizontalis
1202,Juniperus,macropoda
517,Juniperus,oxycedrus
518,Juniperus,sabina
519,Juniperus,virginiana
520,Jussiaea,repens
1762,Jussiaea,suffruticosa
521,Justicia,adhatoda
522,Justicia,gendarussa
523,Justicia,pectoralis
1399,Justicia,procumbens
525,Kalanchoe,daegrimontiana
1313,Kalanchoe,gastonis-bonnieri
526,Kalanchoe,pinnata
527,Kalanchoe,spathulata
528,Kalmia,latifolia
1193,Kayea,stylosa
1896,Kennedia,coccinea
1898,Kennedia,procurrens
1899,Kennedia,rubicunda
1595,Kleinhovia,hospita
529,Krameria,spp
530,Krameria,triandra
531,Lablab,purpureus
1900,Laburnum,alpinum
532,Laburnum,anagyroides
533,Lachnanthes,tinctoria
534,Lactuca,sativa
535,Lactuca,scariola
536,Lactuca,virosa
537,Lagenaria,siceraria
538,Lagerstroemia,indica
539,Lagochilus,inebrians
2004,Lamium,sp
540,Lantana,camara
1596,Larix,laricina
541,Larrea,tridentata
1597,Lasianthus,chinensis
542,Latua,pubiflora
543,Laurus,nobilis
544,Lavandula,angustifolia
545,Lavandula,latifolia
2005,Lavandula,sp
1598,Lavandula,spica
2006,Lavandula,x hybrida
546,Lavandula,x intermedia
547,Lawsonia,inermis
548,Ledum,palustre
1166,Lemaireocereus,griseus
1167,Lemaireocereus,hystrix
1168,Lemaireocereus,quevedonis
1169,Lemaireocereus,stellatus
1599,Lemaireocereus,thurberi
1901,Lembotropis,emerifolia
549,Lens,culinaris
2163,Lentinus,edodes
550,Leonotis,dysophylla
551,Leonotis,leonurus
552,Leonotis,nepetaefolia
553,Leonurus,cardiaca
2007,Leonurus,heterophyllus
554,Lepechinia,calycina
1763,Lepechinia,caulescens
1764,Lepechinia,chamaedryoides
1765,Lepechinia,glomerata
555,Lepechinia,schiediana
556,Lepidium,sativum
1415,Leptospermum,ericoides
5101,Leptospermum,polygalifolium
1416,Leptospermum,scoparium
1902,Lespedeza,cyrtobotrya
1766,Lespedeza,davidii
557,Levisticum,officinale
1233,Licania,platypus
1400,Licania,rigida
558,Ligustrum,japonicum
559,Ligustrum,lucidum
560,Ligustrum,vulgare
1600,Limnophila,rugosa
1234,Limonia,acidissima
561,Linum,usitatissimum
1203,Lippia,alba
562,Lippia,dulcis
563,Lippia,graveolens
564,Liquidambar,orientalis
565,Liquidambar,styraciflua
1767,Lithocarpus,attenuata
1601,Lithocarpus,cornea
1602,Lithocarpus,elizabethae
1603,Lithocarpus,haipinii
1604,Lithocarpus,polystachya
566,Lobelia,inflata
567,Lobelia,tupa
568,Lolium,temulentum
569,Lonicera,japonica
570,Lophatherum,gracile
571,Lophophora,williamsii
1315,Ludwigia,adscendens
1316,Ludwigia,epilobioides
1768,Ludwigia,parviflora
1317,Ludwigia,perennis
572,Luffa,aegyptiaca
1769,Luisia,indivisa
1605,Lumnitzera,racemosa
573,Lupinus,albus
1903,Lupinus,angustifolius
1904,Lupinus,luteus
574,Lupinus,mutabilis
1905,Lupinus,perennis
1906,Lupinus,polyphyllus
575,Lycium,chinense
576,Lycopersicon,esculentum
577,Lycopodium,clavatum
578,Lycopodium,serratum
579,Lycopus,americanus
580,Lycopus,europeus
1770,Lycopus,lucidus
581,Lycopus,uniflorus
582,Lycopus,virginicus
583,Lycoris,radiata
584,Lycoris,squamigera
585,Lygodium,japonicum
1907,Lygos,monosperma
1908,Lygos,raetum
586,Lythrum,salicaria
1909,Maackia,amurensis
587,Macadamia,spp
1401,Macfadyena,uncata
1170,Machaerocereus,gummosus
588,Macleaya,cordata
1910,Macroptylium,atropurpureum
1911,Macroptylium,bracteatum
1912,Macroptylium,lathyroides
1913,Macroptylium,martii
1914,Macrotyloma,axillare
1915,Macrotyloma,uniflora
1771,Madhuca,microphylla
1426,Madhuca,nerifolia
589,Magnolia,denudata
590,Magnolia,fargesii
591,Magnolia,kobus
592,Magnolia,officinalis
593,Mahonia,aquifolium
1402,Malachra,alaceaefolia
1403,Malachra,capitata
594,Malpighia,glabra
595,Malus,domestica
596,Malva,neglecta
597,Malva,parviflora
598,Malva,sylvestris
1235,Mammea,americana
599,Mandragora,officinarum
600,Mangifera,indica
601,Manihot,esculenta
1236,Manilkara,zapota
602,Maranta,arundinacea
604,Marrubium,vulgare
603,Marsdenia,reichenbachii
605,Matricaria,recutita
1404,Matteuccia,pennsylvanica
1237,Mauritia,flexuosa
1772,Maytenus,aquifolium
1607,Maytenus,canariensis
1608,Maytenus,octogona
1609,Maytenus,senegalensis
606,Medicago,sativa
1273,Melaleuca,alternifolia
1275,Melaleuca,bracteata
2120,Melaleuca,cajuputi
607,Melaleuca,leucadendra
1610,Melaleuca,leucadendron
1274,Melaleuca,linariifolia
2121,Melaleuca,sp
1276,Melaleuca,viridiflora
1195,Melanoxylon,brauna
5004,Meleleuca,howeana
608,Melia,azedarach
1238,Melicoccus,bijugatas
609,Melilotus,alba
610,Melilotus,indica
611,Melilotus,officinalis
612,Melissa,officinalis
1436,Melochia,tomentosa
613,Menispermum,canadense
614,Mentha,aquatica
615,Mentha,arvensis var. piperascens
616,Mentha,longifolia
617,Mentha,pulegium
2008,Mentha,rotundifolia
2009,Mentha,sp
618,Mentha,spicata
619,Mentha,x piperita
620,Mentha,x rotundifolia
621,Menyanthes,trifoliata
622,Mercurialis,annua
1773,Mesua,ferrea
1774,Mesua,myrtifolia
1417,Metrosideros,excelsa
5104,Metrosideros,nervulosa
5103,Metrosideros,sclerocarpa
1405,Michelia,alba
1406,Michelia,champaca
1611,Micromeria,benthamii
2010,Micromeria,congesta
2011,Micromeria,croatica
2012,Micromeria,dalmatica
2076,Micromeria,fruticosa
2075,Micromeria,fruticosa
2013,Micromeria,juliana
1407,Micromeria,myrtifolia
2014,Micromeria,teneriffae
2015,Micromeria,thymifolia
2098,Micromeria,varia
1408,Micromyrtus,striata
624,Mimosa,hostilis
625,Mimosa,pudica
626,Mimulus,glabratus
1775,Mimusops,littoralis
2016,Minthostachys,mollis
627,Mirabilis,expansa
1318,Mirabilis,jalapa
2164,Mitchella,repens
5006,Mitracarpus,scaber
628,Mitragyna,speciosa
1612,Mitrephora,heyneana
1916,Moghania,macrophylla
2017,Moldavica,parviflora
2018,Moldavica,thymiflora
631,Momordica,charantia
2077,Monarda,citriodora
633,Monarda,clinopodia
634,Monarda,didyma
635,Monarda,fistulosa
636,Monarda,lindheimeri
637,Monarda,media
638,Monarda,punctata
639,Monarda,russeliana
640,Montanoa,tomentosa
1409,Montrichardia,arborescens
641,Morinda,citrifolia
642,Morinda,sp
1435,Moringa,oleifera
643,Morus,alba
1776,Morus,serrata
1917,Mucuna,deeringiana
1918,Mucuna,pruriens
644,Mucuna,pruriens
1239,Muntingia,calabura
1410,Murraya,koenigii
645,Musa,x paradisiaca
646,Murraya,sp
1240,Myrciaria,cauliflora
1241,Myrciaria,dubia
648,Myrica,cerifera
649,Myristica,fragrans
650,Myroxylon,balsamum
652,Myrtus,communis
653,Narcissus,tazetta
654,Nardostachys,chinensis
655,Nardostachys,jatamansi
656,Nasturtium,officinale
657,Nelumbo,nucifera
1919,Neonotonia,wightii
658,Nepeta,cataria
2078,Nepeta,racemosa
659,Nerium,oleander
1613,Neuracanthus,sphaerostachys
660,Neurolaena,lobata
1777,Newcastelia,viscida
661,Nicotiana,glauca
662,Nicotiana,rustica
663,Nicotiana,tabacum
664,Nigella,sativa
665,Notopterygium,incisum
1196,Nuytsia,floribunda
1778,Nymphoides,peltatum
666,Nyssa,sylvatica
1779,Ocimum,americanum
667,Ocimum,basilicum
2019,Ocimum,canum
1287,Ocimum,gratissimum
2020,Ocimum,kilimandscharicum
2021,Ocimum,sanctum
2022,Ocimum,sp
2023,Ocimum,suave
2024,Ocimum,tenuiflorum
668,Ocotea,glaziovii
669,Oenanthe,aquatica
670,Oenanthe,crocata
671,Oenanthe,javanica
672,Oenothera,biennis
673,Olea,europaea
674,Ophiopogon,japonicus
675,Opopanax,chironium
676,Opuntia,ficus-indica
1614,Origanum,compactum
677,Origanum,creticum
678,Origanum,majorana
2025,Origanum,minutiflorum
679,Origanum,onites
2079,Origanum,sipyleum
2080,Origanum,syriacum
2082,Origanum,vulgare
2083,Origanum,vulgare
2084,Origanum,vulgare
2085,Origanum,vulgare
1920,Ormosia,excelsa
681,Ornithogalum,umbellatum
1615,Orthosphenia,mexicana
682,Oryza,sativa
683,Oxalis,tuberosa
684,Pachira,aquatica
685,Pachira,macrocarpa
686,Pachyrhizus,erosus
1780,Paeonia,japonica
687,Paeonia,lactiflora
688,Paeonia,moutan
689,Paeonia,officinalis
690,Paeonia,suffruticosa
1781,Palaquium,grande
691,Panax,ginseng
692,Panax,japonicus
693,Panax,notoginseng
1616,Panax,pseudoginseng
694,Panax,quinquefolius
695,Pancratium,maritimum
1319,Panicum,maximum
696,Papaver,bracteatum
697,Papaver,somniferum
698,Paris,polyphylla
699,Paris,quadrifolia
1320,Parthenium,hysterophorus
1243,Passiflora,edulis
1244,Passiflora,foetida
700,Passiflora,incarnata
1245,Passiflora,ligularis
1246,Passiflora,mollissima
701,Passiflora,quadrangularis
1321,Passiflora,suberosa
702,Pastinaca,sativa
703,Paullinia,cupana
704,Paullinia,yoko
705,Pausinystalia,johimbe
1322,Pavonia,odorata
1323,Pavonia,spinifex
1782,Pedicularis,longiflora
706,Peganum,harmala
2135,Pelargonium,citrosum
707,Pelargonium,graveolens
1281,Peperomia,pelucida
1324,Peperomia,pereskiifolia
1247,Pereskia,aculeata
1921,Pericopsis,laxiflora
708,Perideridia,gairdneri
709,Perilla,frutescens
710,Persea,americana
1248,Persea,schiedeana
711,Petasites,japonicus
1280,Petiveria,alliacea
712,Petroselinum,crispum
713,Peucedanum,decursivum
714,Peucedanum,ostruthium
715,Peumus,boldus
2165,Pfaffia,paniculata
2174,Phaseolus,aborigineus
2175,Phaseolus,acutifolius
717,Phaseolus,coccineus
718,Phaseolus,lunatus
1922,Phaseolus,spp
719,Phaseolus,vulgaris
720,Phellodendron,amurense
1617,Phillyrea,latifolia
1618,Phlogacanthus,thyrsiflorus
722,Phoradendron,serotinum
723,Phyllanthus,acidus
2101,Phyllanthus,amarus
1783,Phyllanthus,discoideus
724,Phyllanthus,emblica
1619,Phyllanthus,flexuosus
725,Phyllanthus,niruri
1620,Phyllanthus,reticulatus
726,Physalis,alkekingi
1249,Physalis,angulata
727,Physalis,ixocarpa
728,Physalis,peruviana
729,Physostigma,venenosum
1145,Phytelephas,aequatorialis
1146,Phytelephas,macrocarpa
730,Phytolacca,americana
731,Picea,glauca
732,Picea,mariana
1784,Picramnia,sellowii
733,Picrasma,excelsa
734,Picrasma,quassioides
735,Picrorhiza,kurrooa
736,Pilocarpus,jaborandi
737,Pilocarpus,microphyllus
738,Pilocarpus,pennatifolius
739,Pilocarpus,racemosus
740,Pimenta,dioica
741,Pimenta,racemosa
742,Pimpinella,anisum
743,Pinellia,ternata
1969,Pinus,cembroides
744,Pinus,echinata
1968,Pinus,edulis
745,Pinus,elliottii
1082,Pinus,gerardiana
1970,Pinus,insularis
1083,Pinus,kesiya
746,Pinus,mugo
747,Pinus,palustris
1971,Pinus,pinea
1084,Pinus,roxburghii
748,Pinus,strobus
749,Pinus,sylvestris
1085,Pinus,walliciana
750,Piper,angustifolium
751,Piper,auritum
752,Piper,betel
753,Piper,cubeba
754,Piper,methysticum
755,Piper,nigrum
1923,Piptanthus,nanus
1924,Piptanthus,nepalensis
1925,Piscidia,erythrina
756,Piscidia,piscipula
757,Pistacia,lentiscus
758,Pistacia,vera
759,Pisum,sativum
760,Plantago,asiatica
761,Plantago,major
762,Plantago,ovata
1419,Platanus,accrifolia
1785,Platanus,acerifolia
1420,Platanus,occidentalis
1421,Platanus,orientalis
1422,Platanus,vulgaris
1250,Platonia,insignis
764,Platycodon,grandiflorum
1434,Plectranthus,amboinicus
2026,Plectranthus,coleoides
1621,Plectranthus,rugosus
2086,Plectranthus,trichocarpus
1786,Plectranthus,urticifolius
1325,Pluchea,carolinensis
765,Plumeria,acutifolia
1787,Plumeria,obtusa
1926,Podocarpus,spicatus
1086,Podophyllum,hexandrum
766,Podophyllum,peltatum
1087,Podophyllum,pleianthum
767,Pogostemon,cablin
768,Polianthes,tuberosa
1304,Polygala,penaea
769,Polygala,senega
770,Polygala,tenuifolia
771,Polygonum,aviculare
772,Fallopia,japonica
773,Polygonum,hydropiper
774,Polygonum,hydropiperoides
775,Polygonum,multiflorum
1788,Polygonum,plebeium
776,Polymnia,edulis
777,Polypodium,aureum
778,Polypodium,vulgare
779,Polystichum,polyblepharum
1789,Pongamia,pinnata
780,Populus,balsamifera
781,Populus,nigra
782,Populus,tacamahacca
1622,Porteresia,coarctata
783,Portulaca,oleracea
784,Pothomorphe,sp.
1251,Pourouma,cecropiaefolia
1252,Pouteria,caimito
1253,Pouteria,campechiana
1790,Pouteria,torta
1254,Pouteria,viridis
1623,Premna,integrifolia
785,Prosopis,juliflora
786,Prunella,vulgaris
1927,Prunus,aequinoctialis
2160,Prunus,africana
787,Prunus,armeniaca
1255,Prunus,avium
788,Prunus,cerasus
789,Prunus,domestica
790,Prunus,dulcis
791,Prunus,laurocerasus
1928,Prunus,mahaleb
1929,Prunus,maximowiczii
1930,Prunus,nipponica
1624,Prunus,pensylvanica
792,Prunus,persica
1256,Prunus,salicifolia
793,Prunus,serotina
794,Prunus,spinosa
1931,Prunus,spp
1932,Prunus,verecunda
1326,Pseudelephantopus,spicatus (juss.) gleason
1933,Pseudeminia,comosa
1934,Pseudoeriosema,borianii
1935,Pseudovigna,argentea
795,Psidium,cattleianum
796,Psidium,guajava
797,Psophocarpus,tetragonolobus
798,Psoralea,corylifolia
799,Psoralea,esculenta
1625,Psychotria,adenophylla
800,Pteridium,aquilinum
801,Pterocarpus,marsupium
802,Pterocarpus,santalinus
1626,Pterospermum,acerifolium
1627,Pterospermum,lanceaefolium
1628,Pterospermum,suberifolium
1629,Pterospermum,xylocarpum
803,Ptychopetalum,olacoides
804,Pueraria,montana
1937,Pueraria,montana
1938,Pueraria,phaseoloides
805,Pueraria,pseudohirsuta
806,Pulsatilla,chinensis
807,Punica,granatum
1791,Putoria,calabrica
808,Pycnanthemum,albescens
809,Pycnanthemum,beadlei
810,Pycnanthemum,californicum
811,Pycnanthemum,clinopodioides
812,Pycnanthemum,curvipes
813,Pycnanthemum,flexuosum
814,Pycnanthemum,incanum
815,Pycnanthemum,loomisii
816,Pycnanthemum,montanum
817,Pycnanthemum,muticum
818,Pycnanthemum,nudum
819,Pycnanthemum,pilosum
820,Pycnanthemum,pycnanthemoides
821,Pycnanthemum,setosum
822,Pycnanthemum,tenuifolium
823,Pycnanthemum,torreyi
824,Pycnanthemum,verticillatum
825,Pycnanthemum,virginianum
1792,Pygeum,acuminatum
1630,Pyropolyporus,fomentarius
826,Pyrus,communis
1257,Quararibea,cordata
827,Quassia,amara
828,Quercus,alba
1631,Quercus,bambusaefolia
1632,Quercus,championi
829,Quercus,infectoria
1633,Quercus,myrsinaefolia
830,Quercus,phellos
831,Quercus,robur
832,Quercus,rubra
833,Quercus,stellata
834,Quercus,suber
835,Quercus,velutina
836,Quillaja,saponaria
837,Quisqualis,indica
1634,Rabdosia,adenantha
838,Ranunculus,bulbosus
839,Raphanus,sativus
840,Rauvolfia,serpentina
841,Rauvolfia,tetraphylla
842,Rauvolfia,vomitoria
843,Rehmannia,glutinosa
844,Frangula,purshiana
1635,Rheedia,gardneriana
845,Rheum,officinale
846,Rheum,palmatum
847,Rheum,rhabarbarum
848,Rhizophora,mangle
1636,Rhizophora,mucronata
1637,Rhododendron,anthopogon
1185,Rhododendron,arboreum
849,Rhododendron,dauricum
850,Rhododendron,ferrugineum
1184,Rhododendron,grande
1638,Rhododendron,ledebourii
851,Rhododendron,molle
852,Rhododendron,ponticum
1639,Rhododendron,schotense
1640,Rhodomyrtus,tomentosa
853,Rhodymenia,palmata
1327,Rhoeo,spathacea
1641,Rhus,alata
854,Rhus,copallina
855,Rhus,glabra
856,Rhus,toxicodendron
1642,Rhus,typhina
1939,Rhynchosia,acuminatifolia
1940,Rhynchosia,cabibaea
1941,Rhynchosia,densiflora
1942,Rhynchosia,hirsuta
857,Rhynchosia,minima
1943,Rhynchosia,phaseoloides
1944,Rhynchosia,pyramidalis
1945,Rhynchosia,volubilis
858,Ribes,nigrum
859,Ribes,rubrum
860,Ribes,uva-crispa
861,Ricinus,communis
862,Rivea,corymbosa
863,Robinia,pseudoacacia
1258,Rollinia,mucosa
864,Rorippa,islandica
865,Rosa,canina
866,Rosa,centifolia
867,Rosa,damascena
1794,Rosa,davurica
868,Rosa,gallica
869,Rosa,laevigata
870,Rosa,multiflora
871,Rosa,rubiginosa
872,Rosa,spp
2087,Rosmarinus,eriocalyx
873,Rosmarinus,officinalis
2028,Rosmarinus,tomentosus
2029,Rosmarinus,x lavandulaceus
2030,Rosmarinus,x mendizabalii
1795,Rotala,floribunda
1643,Roylea,elegans
874,Rubia,cordifolia
875,Rubus,chamaemorus
876,Rubus,chingii
877,Rubus,fruticosus
878,Rubus,idaeus
1328,Ruellia,tuberosa
879,Rumex,acetosa
880,Rumex,acetosella
881,Rumex,crispus
882,Rumex,hymenosepalus
883,Ruscus,aculeatus
884,Ruta,graveolens
1644,Rzedowskia,tolantonguensis
1645,Salacia,cordata
885,Salix,alba
1646,Salvia,beckeri
2031,Salvia,canariensis
886,Salvia,divinorum
2032,Salvia,dorisiana
1796,Salvia,farinacea
2033,Salvia,gilliesii
1797,Salvia,longistyla
1798,Salvia,mexicana
1799,Salvia,nicolsoniana
888,Salvia,officinalis
889,Salvia,sclarea
1101,Salvia,sp.
2034,Salvia,splendens
2035,Salvia,tomentosa
890,Salvia,triloba
892,Sambucus,nigra
1647,Sambucus,racemosa
1282,Sambucus,simpsonii
893,Sanguinaria,canadensis
894,Sanguisorba,minor
895,Sanguisorba,officinalis
896,Sansevieria,trifasciata
897,Santalum,album
898,Santolina,chamaecyparissus
899,Sarcostemma,acidum
1648,Sarracenia,flava
900,Sassafras,albidum
2036,Satureja,cilicica
2037,Satureja,cuneifolia
901,Satureja,douglasii
902,Satureja,glabella
2038,Satureja,grandiflora
903,Satureja,hortensis
904,Satureja,montana
2088,Satureja,obovata
2039,Satureja,odora
2040,Satureja,parvifolia
2041,Satureja,subspicata
2042,Satureja,thymbra
905,Satureja,vulgaris
906,Saussurea,lappa
1329,Sauvagesia,erecta
1800,Schefflera,octophylla
1801,Schefflera,species
1802,Schefflera,venulosa
907,Schinus,molle
908,Schinus,terebinthifolius
909,Schisandra,chinensis
910,Schizonepeta,tenuifolia
1649,Schleichera,oleosa
911,Schoenocaulon,officinale
1803,Schrebera,swietenioides
1650,Scirpus,fluviatilis
1651,Scirpus,tuberosus
912,Sclerocarya,caffra
1804,Scoparia,dulcis
913,Scopolia,carniolica
914,Scrophularia,buergeriana
915,Scutellaria,baicalensis
916,Scutellaria,churchilliana
917,Scutellaria,discolor
2043,Scutellaria,epilobifolia
918,Scutellaria,galericulata
919,Scutellaria,lateriflora
920,Scutellaria,parvula
2044,Scutellaria,polydon
2045,Scutellaria,sp
1100,Secale,cereale
921,Sechium,edule
922,Selenicereus,grandiflorus
1652,Senecio,alpinus
923,Senecio,aureus
924,Senna,alata
1330,Senna,alexandrina
1805,Senna,lindheimeriana
925,Senna,obtusifolia
926,Senna,occidentalis
927,Serenoa,repens
928,Sesamum,indicum
1653,Shorea,affinis
1654,Shorea,congestiflora
1655,Shorea,dyerii
1656,Shorea,magistophylla
1657,Shorea,oblongifolia
1658,Shorea,ovalifolia
1659,Shorea,stipularvis
1660,Shorea,trapezifolia
1661,Shorea,zeylanica
1259,Sicana,odorifera
929,Sida,rhombifolia
2046,Sideritis,athoa
2047,Sideritis,germanicolpitana
2048,Sideritis,mugronensis
2049,Sideritis,pauli
2050,Sideritis,scardica
2051,Sideritis,sp
2052,Sideritis,tomentosa
930,Siegesbeckia,orientalis
931,Silybum,marianum
1088,Simaba,cedron
1089,Simaba,cuspidata
1090,Simaba,morettii
1091,Simaba,multiflora
1662,Simaba,obovata
932,Simarouba,amara
933,Simarouba,glauca
934,Simmondsia,chinensis
935,Sinapis,alba
936,Sinomenium,acutum
1092,Skimmia,arborescens
1093,Skimmia,japonica
937,Smilax,china
2162,Smilax,regelii
938,Smilax,spp
1806,Solanum,aviculare
939,Solanum,carolinense
940,Solanum,dulcamara
1807,Solanum,laciniatum
941,Solanum,mammosum
942,Solanum,melongena
943,Solanum,nigrum
1260,Solanum,quitoensis
1261,Solanum,sessiliflorum
944,Solanum,torvum
945,Solanum,tuberosum
2131,Solidago,gigantea
946,Solidago,virgaurea
947,Sonchus,oleraceus
948,Sophora,angustifolia
949,Sophora,japonica
950,Sophora,pachycarpa
951,Sophora,secundiflora
952,Sophora,subprostrata
1663,Sorbus,americana
953,Sorbus,aucubaria
1808,Sorocea,bonplandii
954,Spartium,junceum
1331,Spermacoce,assurgens
1946,Sphenostylis,angustifolia
955,Sphenostylis,stenocarpa
956,Spigelia,marilandica
957,Spinacia,oleracea
958,Spirulina,pratensis
1809,Spondianthus,preussii
959,Spondias,dulcis
960,Spondias,mombin
961,Spondias,pinnata
962,Spondias,purpurea
963,Spondias,tuberosa
2053,Stachys,betonicifolia
964,Stachys,germanica
965,Stachys,officinalis
2054,Stachys,sieboldii
2055,Stachys,sp
966,Stachytarpheta,cayennensis
1947,Stauracanthus,boivinii
1948,Stauracanthus,genistoides
968,Stellaria,media
1332,Stemodia,maritima
1664,Stemonoporus,affinis
1665,Stemonoporus,canaliculatus
1666,Stemonoporus,cordifolius
1667,Stemonoporus,oblongifolius
1668,Stemonoporus,petiolaris
1669,Stemonoporus,reticulatus
969,Stephania,glabra
970,Stephania,japonica
971,Stephania,tetrandra
972,Sterculia,urens
973,Stevia,rebaudiana
974,Stillingia,sylvatica
1949,Stizolobium,deeringianum
1670,Streblus,asper
1671,Strobilanthes,cusia
1950,Strongylodon,macrobotrys
975,Strophanthus,gratus
976,Strophanthus,hispidus
977,Strophanthus,kombe
1951,Strophostyles,helvula
978,Strychnos,nux-vomica
979,Styrax,benzoin
980,Styrax,tonkinensis
1672,Suaeda,maritima
981,Sweetia,panamensis
982,Swertia,chirata
983,Symphoricarpos,orbiculatus
984,Symphytum,officinale
985,Symplocarpus,foetidus
1673,Symplocos,racemosa
1810,Syncarpia,glomulifera
1418,Syncarpia,laurifolia
1339,Synedrella,nodiflora
1432,Syringa,vulgaris
1811,Syzgium,claviflorum
986,Syzygium,aromaticum
1262,Syzygium,cumini
1263,Syzygium,jambos
1264,Syzygium,malaccense
987,Tabebuia,heptaphylla
2158,Tabebuia,impetiginosa
988,Tabernanthe,iboga
1812,Tacca,aspera
989,Tagetes,erecta
990,Tagetes,minuta
991,Tagetes,patula
1813,Talguenea,quinquenervis
992,Tamarindus,indica
993,Tanacetum,vulgare
994,Taraxacum,mongolicum
995,Taraxacum,officinale
996,Taxus,baccata
2168,Taxus,cuspidata
2170,Taxus,sp
2171,Taxus,sumatrana
2172,Taxus,wallichiana
2169,Taxus,x media
2173,Taxus,yunnanensis
997,Tecoma,stans
1431,Tectona,grandis
1952,Teline,sp
998,Tephrosia,candida
999,Tephrosia,purpurea
1000,Tephrosia,virginiana
1001,Tephrosia,vogelii
1814,Terminalia,alata
2119,Terminalia,bellirica
1002,Terminalia,catappa
1003,Terminalia,chebula
1428,Ternstromia,merriliana
1674,Tetracera,akara
1675,Tetracera,indica
1676,Tetracera,sarmentosa
1677,Tetracera,scandens
1004,Tetraclinis,articulata
1005,Tetragonia,tetragonioides
1006,Tetrapanax,papyrifera
2089,Teucrium,arduini
2056,Teucrium,asiaticum
2057,Teucrium,botrys
1007,Teucrium,chamaedrys
2058,Teucrium,cyprium
2059,Teucrium,divaricatum
2060,Teucrium,gnaphalodes
2061,Teucrium,kotschyanum
1008,Teucrium,marum
2062,Teucrium,micropodioides
2063,Teucrium,montanum
2090,Teucrium,oxylepis
2091,Teucrium,oxylepis
2092,Teucrium,polium
1009,Teucrium,polium
2064,Teucrium,pseudoscorodonia
2065,Teucrium,salviastrum
2066,Teucrium,scordium
2094,Teucrium,scorodonia
2067,Teucrium,sp
1953,Teyleria,koordersii
1205,Theobroma,angustifolium
1206,Theobroma,bicolor
1010,Theobroma,cacao
1265,Theobroma,speciosum
1954,Thermopsis,fabacea
1955,Thermopsis,montana
1956,Thermopsis,sp
1333,Thespesia,populnea
1334,Thevetia,neriifolia
1335,Thevetia,peruviana
1011,Thuja,occidentalis
1678,Thymelaea,hirsuta
2068,Thymus,broussonettii
1012,Thymus,capitatus
2069,Thymus,cilicicus
2100,Thymus,funkii
2095,Thymus,longicaulis
1013,Thymus,mastichina
1014,Thymus,orospedanus
2070,Thymus,piperella
2071,Thymus,riatarum
2072,Thymus,saturejoides
1015,Thymus,serpyllum
1016,Thymus,vulgaris
2099,Thymus,x citriodorus
2096,Thymus,zygis
2097,Thymus,zygis
1017,Tilia,sp.
1815,Tovomita,brasiliensis
1816,Tovomita,excelsa
1817,Tovomita,mangle
1818,Tovomita,pyrifolia
1018,Trachyspermum,ammi
1019,Tragopogon,porrifolius
1819,Triadenum,japonicum
1438,Tribulus,terrestris
1336,Trichilia,hirta
1679,Tricholepis,glaberrima
1020,Trichosanthes,anguina
1021,Trichosanthes,kirilowii
2073,Trichostemma,dichotomum
1337,Tridax,procumbens
1957,Trifolium,alexandrinum
1958,Trifolium,brachycalycinum
1959,Trifolium,hybridum
1022,Trifolium,pratense
1960,Trifolium,repens
1961,Trifolium,sp
1962,Trifolium,subterraneum
1023,Trigonella,foenum-graecum
1024,Tripterygium,wilfordiim
1025,Triticum,aestivum
1026,Tropaeolum,majus
1027,Tropaeolum,tuberosum
1028,Tsuga,canadensis
1081,Tulipa,gesneriana
1029,Turnera,diffusa
1030,Tussilago,farfara
2166,Tylophora,indica
1277,Ulex,europaeus
1963,Ulex,micranthus
1964,Ulex,sp
1031,Ullucus,tuberosus
1032,Ulmus,rubra
1033,Umbellularia,californica
1034,Uncaria,catechu
2124,Uncaria,guianensis
1972,Uncaria,tomentosa
1035,Urginea,indica
1036,Urginea,maritima
1037,Urtica,dioica
1038,Vaccinium,corymbosum
1039,Vaccinium,macrocarpon
1040,Vaccinium,myrtillus
1041,Vaccinium,vitis-idaea
1094,Valeriana,jatamansi
1042,Valeriana,officinalis
1043,Valerianella,locusta
1266,Valerianella,radicata
1965,Vandasina,retusa
1044,Vanilla,planifolia
1045,Vanilla,tahitensis
1680,Vatica,affinis
1820,Vauquelinia,corymbosa
1821,Vellozia,declinans
1046,Veratrum,album
1047,Veratrum,viride
1048,Verbascum,thapsus
2122,Verbena,hastata
1049,Verbena,officinalis
1338,Vernonia,cinerea
1050,Veronica,officinalis
1051,Vetiveria,zizanioides
1681,Viburnum,cassinoides
1052,Viburnum,opulus
1053,Viburnum,prunifolium
1054,Vicia,faba
1055,Vigna,aconitifolia
1056,Vigna,angularis
1057,Vigna,mungo
1058,Vigna,radiata
1059,Vigna,subterranea
1966,Vigna,umbellata
1062,Vinca,minor
1063,Viola,odorata
1064,Viola,tricolor
1065,Virola,calophylla
1095,Virola,surinamensis
1066,Viscum,album
1682,Viscum,articulatum
1822,Vismia,cayennensis
1823,Vismia,micrantha
1067,Vitex,agnus-castus
1068,Vitis,vinifera
1437,Waltheria,americana
1069,Warburgia,ugandensis
1070,Wedelia,trilobata
1683,Wisteria,floribunda
1071,Withania,somnifera
1684,Woodfordia,floribunda
1158,Wormia,burbidgei
1157,Wormia,triquetra
2176,Xanthorhiza,simplicissima
1072,Xanthosoma,sagittifolium
1073,Yucca,baccata
1074,Yucca,brevifolia
1075,Yucca,schidigera
1096,Zanthoxylum,alatum
1076,Zanthoxylum,americanum
2159,Zanthoxylum,clava-herculis
1685,Zataria,multiflora
1077,Zea,mays
1078,Zingiber,officinale
1824,Ziziphus,joazeiro
1079,Zizyphus,jujuba
1686,Zizyphus,mauritiana
1687,Zizyphus,nummularia
1688,Zizyphus,oenoplia
1689,Zizyphus,rugosa
1080,Zizyphus,spina-christi
1690,Zizyphus,trinervia
1425,Zizyphus,vulgaris
1691,Zizyphus,xylopyra
2178,Plectranthus,barbatus
2177,Commiphora,wightii
2179,Tagetes,filifolia
2180,Astrocaryum,vulgare
2181,Vitellaria,paradoxa
2187,Aloe,spp.
2182,Mentha,japonica
2183,Mentha,requienii
2184,Ambrosia,acanthicarpa
2185,Ambrosia,hispida
2186,Ambrosia,magdalenae
2188,Hyptis,capitata
2189,Phoradendron,juniperinum
2190,Prosopis,glandulosa
2191,Rosa,woodsii
2192,Syzygium,claviflorum
2193,Ternstroemia,gymnanthera
2194,Terminalia,arjuna
2195,Terminalia,ivorensis
2196,Terminalia,pallida
2197,Artemisia,indica
2198,Uvaria,sp.
2199,Vancouveria,hexandra
2200,Parthenium,integrifolium
2201,Smilax,officinalis
2202,Spirulina,spp.
2203,Petasites,hybridus
2204,Fragaria,vesca
2205,Abutilon,theophrasti
2206,Hierochloe,odorata
2207,Andropogon,virginicus
2208,Lactuca,sativa
2209,Brassica,napus var. napus
2210,Crataegus,monogyna
2211,Crataegus,rhipidophylla
2212,Crataegus,pentagyna
2213,Galanthus,nivalis
2214,Cyamopsis,tetragonoloba
2215,Cinnamomum,zeylanicum
2216,Rhamnus,cathartica
2217,Rhamnus,purshiana
2218,Tabebuia,avellanedae
2219,Tabebuia,palmeri
2220,Tanacetum,parthenium
2221,Helianthemum,glomeratum
2222,Ulmus,fulva
2223,Helictores,isora
2224,Cynara,scolymus
2225,Maclura,pomifera
2226,Rubus,sp.
2227,Polygonatum,multiflorum
2228,Gynostemma,pentaphyllum
2229,Bacopa,monnieri
2230,Hedychium,flavum
2231,Pelargonium,roseum
2232,Ravensara,aromatica
2233,Nepeta,cilicia
2234,Duchesnea,indica
2235,Lycopodium,annotinum
2236,Lycopodium,carolinianum
2237,Lycopodiella,caroliniana
2238,Lycopodium,cernuum
2239,Lycopodium,complanatum
2240,Lycopodium,erythraeum
2241,Lycopodium,fawcettii
2242,Lycopodium,gnidioides
2243,Lycopodium,inundatum
2244,Lycopodiella,inundata
2245,Lycopodium,selago
2246,Lycopodium,lucidulum
2247,Lycopodium,lucidum
2248,Hesperis,matronalis
2249,Saccharum,officinarum
2250,Santalum,acuminatum
2251,Strophanthus,divaricatus
2252,Brassica,rapa
179,Brassica,oleracea var. sabellica l.
2253,Crataegus,oxyacantha
2254,Aspalathus,linearis
2255,Brassica,oleracea var. italica
2256,Actaea,dahurica
2257,Cimicifuga,foetida
2258,Actaea,cimicifuga
2259,Cimicifuga,japonica
2260,Actaea,racemosa
2261,Cimicifuga,simplex
2262,Actaea,simplex
2263,Hibiscus,cannabinus
2264,Garcinia,indica
2265,Garcinia,atroviridis
2266,Galega,officinalis
2267,Peperomia,galioides
2268,Dryopteris,marginalis
2269,Asplenium,platyneuron
2270,Cereus,grandiflorus
2271,Rubus,phoenicolasius
2272,Rubus,spectabilis
2273,Rubus,parviflorus
2274,Cornus,mas
2275,Anemopsis,californica
2276,Aralia,spinosa
2277,Porophyllum,ruderale
2278,Sarracenia,sp.
2279,Sarracenia,rubra
2280,Sarracenia,alata
2281,Sarracenia,rubra
2282,Sarracenia,leucophylla
2283,Sarracenia,minor
2284,Sarracenia,oreophila
2285,Sarracenia,psittacina
2286,Sarracenia,purpurea
2287,Sarracenia,rubra
2288,Aloe,descoingsii
2289,Aloe,globuligemma
2290,Aloe,krapohliana
2291,Aloe,ortholopha
2292,Aloe,viguieri
2293,Arisarum,vulgare
2294,Arum,italicum
2295,Arum,maculatum
2296,Caladium,bulbosum
2297,Conium,chaerophylloides
2298,Coccinia,grandis
2299,Crataegus,sp.
2300,Magnolia,obovata
2301,Cinchona,calisaya
2302,Cinchona,officinalis
2303,Cinchona,pubescens
2304,Cinchona,succirubra
2305,Corylus,americana
2306,Vigna,unguiculata
2307,Juncus,roemerianus
2308,Aglaia,elaeagnoidea
2309,Aglaia,edulis
2310,Aglaia,odorata
2312,Pistacia,major
2313,Aucuba,japonica
2314,Pedicularis,palustris
2315,Melampyrum,arvense
2316,Hippuris,vulgare
2317,Callitriche,stagnalis
2318,Scrophularia,umbrosa
2319,Berberis,repens
2320,Mahonia,repens
2321,Berberis,aquifolium
2322,Aglaia,leptantha
2323,Selaginella,delicatula
2324,Eremurus,chinensis
2325,Casearia,arborea
2326,Thonningia,sanguinea
2327,Sophora,flavescens
2328,Acacia,confusa
2329,Tagetes,florida
2331,Tagetes,sp.
2332,Myrrhis,odorata
2333,Cryptotaenia,japonica
2334,Trilisa,odoratissima
2335,Scrophularia,scorodonia
2336,Mahonia,bealei
2337,Mahonia,fargesii
2338,Mahonia,fortunei
2339,Mahonia,gracilipes
2340,Mahonia,japonica
2341,Mahonia,nervosa
2342,Mahonia,philipinensis
2343,Mahonia,siamensis
2345,Lippia,javanica
2344,Hyptis,dilatata
2346,Isodon,grandifolius
2347,Lepechinia,hastata
2348,Lepechinia,urbanii
2349,Podocarpus,koordersii
2350,Salvia,africana-lutea
2351,Salvia,chinopeplica
2352,Salvia,columbariae
2353,Salvia,mellifera
2354,Salvia,munzii
2355,Lepechinia,meyenii
2356,Pulicaria,salviaefolia
2357,Salvia,apiana
2358,Salvia,willeana
2359,Capparis,tomentosa
2360,Heracleum,sphondylium
2361,Albizia,lebbeck
2362,Amomum,compactum
2363,Costus,speciosus
2364,Phragmites,australis
2365,Croton,lechleri
2366,Lindera,benzoin
2367,Aframomum,melegueta
2368,Ononis,spinosa
2369,Wasabia,japonica
2370,Xylopia,aethiopica
2371,Camellia,japonica
2372,Callicarpa,americana
2373,Lycium,barbarum
2374,Lycium,chilense
2375,Dianthus,caryophyllus
2376,Dianthus,barbatus
2377,Dianthus,chinensis
2378,Dianthus,sp.
2379,Dianthus,superbus
2380,Nandina,domestica
2381,Rhus,coriaria
2382,Eruca,sativa
2383,Parthenocissus,quinquefolia
81,Anemone,coronaria
133,Asiasarum,heterotropoides
169,Bowiea,volubilis
317,Crescentia,alata
1496,Croton,macrostachys
362,Digitalis,purpurea
1554,Diospyros,zenkeri
442,Ginkgo,biloba
446,Glehnia,littoralis
489,Hydrastis,canadensis
524,Kaempferia,galanga
1897,Kennedia,nigricans
1314,Litsea,glaucescens
1606,Maytenus,boaria
2081,Origanum,vulgare
721,Phoenix,dactylifera
763,Plantago,psyllium
2027,Plectranthus,incanus
1936,Pterocarpus,angolensis
1793,Rhododendron,falconeri
887,Salvia,miltiorrhiza
891,Sambucus,canadensis
967,Stachytarpheta,jamaicensis
5009,Telosma,cordata
1060,Vigna,unguiculata
2330,Tagetes,lucida
2385,Dipsacus,fullonum
2386,Salix,sp.
2384,Inonotus,obliquus
2387,Abies,spectabilis
2388,Lepidium,meyenii